year,origin_location_code,asylum_location_code,population
2001,AFG,ARE,66
2001,AFG,AUS,6714
2001,AFG,AUT,1049
2001,AFG,AZE,3522
2001,AFG,BEL,714
2001,AFG,BGR,3434
2001,AFG,BLR,2001
2001,AFG,BRA,5
2001,AFG,CAN,11777
2001,AFG,CHE,5027
2001,AFG,CHL,15
2001,AFG,CIV,33
2001,AFG,CUB,78
2001,AFG,CYP,26
2001,AFG,CZE,332
2001,AFG,DEU,10057
2001,AFG,DNK,5635
2001,AFG,ECU,28
2001,AFG,EGY,240
2001,AFG,ESP,145
2001,AFG,EST,18
2001,AFG,ETH,15
2001,AFG,FIN,661
2001,AFG,FRA,2568
2001,AFG,GBR,15065
2001,AFG,GEO,15
2001,AFG,GRC,1751
2001,AFG,HKG,15
2001,AFG,HUN,1686
2001,AFG,IDN,1473
2001,AFG,IND,36044
2001,AFG,IRL,41
2001,AFG,IRN,4446000
2001,AFG,ITA,149
2001,AFG,JPN,258
2001,AFG,KAZ,2363
2001,AFG,KGZ,2864
2001,AFG,KHM,51
2001,AFG,KWT,222
2001,AFG,LBN,144
2001,AFG,LKA,39
2001,AFG,LTU,235
2001,AFG,MAR,8
2001,AFG,MDA,42
2001,AFG,MEX,27
2001,AFG,MLT,8
2001,AFG,MYS,276
2001,AFG,NLD,33918
2001,AFG,NOR,1799
2001,AFG,NZL,434
2001,AFG,OMN,48
2001,AFG,PAK,5215889
2001,AFG,POL,64
2001,AFG,PRT,5
2001,AFG,QAT,120
2001,AFG,ROU,573
2001,AFG,RUS,101160
2001,AFG,SAU,576
2001,AFG,SRB,39
2001,AFG,SVK,1791
2001,AFG,SVN,16
2001,AFG,SWE,2732
2001,AFG,SYR,1232
2001,AFG,THA,62
2001,AFG,TJK,35228
2001,AFG,TKM,3208
2001,AFG,TUR,1239
2001,AFG,UKR,4977
2001,AFG,USA,7756
2001,AFG,UZB,18655
2001,AFG,ZAF,15
2001,AFG,ZWE,246
2001,IRN,AFG,15
2001,IRQ,AFG,15
2002,AFG,ARE,66
2002,AFG,AUS,7071
2002,AFG,AUT,1270
2002,AFG,AZE,3528
2002,AFG,BEL,248
2002,AFG,BGR,2804
2002,AFG,BLR,1940
2002,AFG,BRA,24
2002,AFG,CAN,13262
2002,AFG,CHE,4403
2002,AFG,CHL,15
2002,AFG,CHN,24
2002,AFG,CIV,33
2002,AFG,CUB,72
2002,AFG,CYP,34
2002,AFG,CZE,263
2002,AFG,DEU,64363
2002,AFG,DNK,7203
2002,AFG,ECU,29
2002,AFG,EGY,129
2002,AFG,ESP,145
2002,AFG,EST,18
2002,AFG,ETH,15
2002,AFG,FIN,932
2002,AFG,FRA,2512
2002,AFG,GBR,20305
2002,AFG,GEO,15
2002,AFG,GRC,1284
2002,AFG,HKG,15
2002,AFG,HRV,15
2002,AFG,HUN,1571
2002,AFG,IDN,585
2002,AFG,IND,34243
2002,AFG,IRL,41
2002,AFG,IRN,1104909
2002,AFG,ITA,183
2002,AFG,JOR,18
2002,AFG,JPN,222
2002,AFG,KAZ,4500
2002,AFG,KGZ,2717
2002,AFG,KHM,45
2002,AFG,KWT,339
2002,AFG,LBN,141
2002,AFG,LKA,39
2002,AFG,LTU,275
2002,AFG,MAR,8
2002,AFG,MDA,36
2002,AFG,MEX,21
2002,AFG,MLT,8
2002,AFG,MYS,121
2002,AFG,NLD,31707
2002,AFG,NOR,2284
2002,AFG,NZL,562
2002,AFG,OMN,48
2002,AFG,PAK,3679707
2002,AFG,POL,317
2002,AFG,PRT,5
2002,AFG,QAT,120
2002,AFG,ROU,295
2002,AFG,RUS,102034
2002,AFG,SAU,413
2002,AFG,SRB,20
2002,AFG,SVK,735
2002,AFG,SWE,3713
2002,AFG,SYR,1284
2002,AFG,THA,47
2002,AFG,TJK,7582
2002,AFG,TKM,3789
2002,AFG,TUR,389
2002,AFG,UKR,4716
2002,AFG,USA,9227
2002,AFG,UZB,14118
2002,AFG,ZAF,22
2002,AFG,ZWE,246
2002,IRN,AFG,12
2002,IRQ,AFG,6
2003,AFG,ARE,18
2003,AFG,AUS,7619
2003,AFG,AUT,1595
2003,AFG,AZE,3288
2003,AFG,BEL,913
2003,AFG,BGR,2825
2003,AFG,BLR,1835
2003,AFG,BRA,11
2003,AFG,CAN,14791
2003,AFG,CHE,2764
2003,AFG,CHL,17
2003,AFG,CHN,24
2003,AFG,CIV,34
2003,AFG,CUB,69
2003,AFG,CYP,83
2003,AFG,CZE,263
2003,AFG,DEU,49504
2003,AFG,DNK,6668
2003,AFG,ECU,34
2003,AFG,EGY,105
2003,AFG,ESP,94
2003,AFG,EST,18
2003,AFG,ETH,15
2003,AFG,FIN,1101
2003,AFG,FRA,2334
2003,AFG,GBR,21718
2003,AFG,GEO,15
2003,AFG,GRC,1479
2003,AFG,HKG,15
2003,AFG,HUN,1791
2003,AFG,IDN,252
2003,AFG,IND,30937
2003,AFG,IRL,58
2003,AFG,IRN,2493221
2003,AFG,ITA,186
2003,AFG,JPN,142
2003,AFG,KAZ,1971
2003,AFG,KGZ,757
2003,AFG,KHM,39
2003,AFG,KWT,342
2003,AFG,LBN,147
2003,AFG,LKA,51
2003,AFG,LTU,105
2003,AFG,MAR,8
2003,AFG,MDA,30
2003,AFG,MLT,8
2003,AFG,MYS,60
2003,AFG,NLD,30145
2003,AFG,NOR,3309
2003,AFG,NZL,629
2003,AFG,OMN,48
2003,AFG,PAK,3383700
2003,AFG,POL,335
2003,AFG,PRT,5
2003,AFG,QAT,120
2003,AFG,ROU,303
2003,AFG,RUS,101775
2003,AFG,SAU,366
2003,AFG,SRB,7
2003,AFG,SVK,634
2003,AFG,SWE,4302
2003,AFG,SYR,1275
2003,AFG,TCD,14
2003,AFG,THA,36
2003,AFG,TJK,7057
2003,AFG,TKM,3672
2003,AFG,TUR,381
2003,AFG,UKR,4952
2003,AFG,USA,9821
2003,AFG,UZB,13136
2003,AFG,ZAF,37
2003,AFG,ZWE,246
2003,CHN,AFG,10
2003,IRN,AFG,120
2003,IRQ,AFG,60
2004,AFG,AUS,8326
2004,AFG,AUT,2482
2004,AFG,AZE,2697
2004,AFG,BEL,620
2004,AFG,BGR,2333
2004,AFG,BLR,1707
2004,AFG,BRA,33
2004,AFG,CAN,15395
2004,AFG,CHE,4191
2004,AFG,CHL,45
2004,AFG,CHN,21
2004,AFG,CIV,33
2004,AFG,CUB,51
2004,AFG,CYP,162
2004,AFG,CZE,259
2004,AFG,DEU,39081
2004,AFG,DNK,6596
2004,AFG,ECU,29
2004,AFG,EGY,105
2004,AFG,ESP,88
2004,AFG,EST,18
2004,AFG,ETH,15
2004,AFG,FIN,1342
2004,AFG,FRA,1220
2004,AFG,GBR,22494
2004,AFG,GEO,5
2004,AFG,GRC,1790
2004,AFG,HKG,5
2004,AFG,HUN,2502
2004,AFG,IDN,221
2004,AFG,IND,29353
2004,AFG,IRL,153
2004,AFG,IRN,2858478
2004,AFG,ISL,5
2004,AFG,ITA,242
2004,AFG,JPN,151
2004,AFG,KAZ,2010
2004,AFG,KGZ,1158
2004,AFG,KHM,21
2004,AFG,KWT,345
2004,AFG,LBN,93
2004,AFG,LKA,45
2004,AFG,LTU,99
2004,AFG,MDA,30
2004,AFG,MLT,8
2004,AFG,MYS,105
2004,AFG,NLD,28695
2004,AFG,NOR,3693
2004,AFG,NZL,1148
2004,AFG,OMN,48
2004,AFG,PAK,3217654
2004,AFG,POL,107
2004,AFG,PRT,5
2004,AFG,QAT,120
2004,AFG,ROU,316
2004,AFG,RUS,101741
2004,AFG,SAU,24
2004,AFG,SVK,476
2004,AFG,SWE,5075
2004,AFG,SYR,1242
2004,AFG,THA,15
2004,AFG,TJK,1816
2004,AFG,TKM,3090
2004,AFG,TUR,1182
2004,AFG,UKR,4213
2004,AFG,USA,9923
2004,AFG,UZB,11128
2004,AFG,ZAF,37
2004,AFG,ZWE,66
2004,IRN,AFG,93
2004,IRQ,AFG,5
2005,AFG,AUS,8112
2005,AFG,AUT,2991
2005,AFG,AZE,1208
2005,AFG,BEL,487
2005,AFG,BGR,3090
2005,AFG,BLR,1638
2005,AFG,BRA,18
2005,AFG,CAN,16207
2005,AFG,CHE,4041
2005,AFG,CHL,48
2005,AFG,CHN,21
2005,AFG,CIV,51
2005,AFG,CUB,27
2005,AFG,CYP,164
2005,AFG,CZE,246
2005,AFG,DEU,36136
2005,AFG,DNK,6461
2005,AFG,ECU,29
2005,AFG,EGY,93
2005,AFG,ESP,87
2005,AFG,FIN,1604
2005,AFG,FRA,2456
2005,AFG,GBR,22532
2005,AFG,GEO,15
2005,AFG,GRC,1858
2005,AFG,HUN,2385
2005,AFG,IDN,234
2005,AFG,IND,29160
2005,AFG,IRL,77
2005,AFG,IRN,2760912
2005,AFG,ITA,302
2005,AFG,JPN,141
2005,AFG,KAZ,2280
2005,AFG,KGZ,1104
2005,AFG,KWT,375
2005,AFG,LBN,39
2005,AFG,LKA,15
2005,AFG,LTU,101
2005,AFG,MDA,39
2005,AFG,MLT,8
2005,AFG,MYS,252
2005,AFG,NLD,26564
2005,AFG,NOR,4052
2005,AFG,NZL,1266
2005,AFG,PAK,2171181
2005,AFG,POL,87
2005,AFG,PRT,5
2005,AFG,QAT,120
2005,AFG,ROU,306
2005,AFG,RUS,101519
2005,AFG,SAU,18
2005,AFG,SVK,530
2005,AFG,SWE,4963
2005,AFG,SYR,1011
2005,AFG,THA,15
2005,AFG,TJK,2034
2005,AFG,TKM,2247
2005,AFG,TUR,996
2005,AFG,UKR,4291
2005,AFG,USA,8931
2005,AFG,UZB,9952
2005,AFG,ZAF,37
2005,IRN,AFG,72
2005,PAK,AFG,14
2006,AFG,ARE,15
2006,AFG,AUS,7923
2006,AFG,AUT,5239
2006,AFG,AZE,1517
2006,AFG,BEL,469
2006,AFG,BGR,2654
2006,AFG,BLR,1500
2006,AFG,BRA,10
2006,AFG,CAN,15002
2006,AFG,CHE,3641
2006,AFG,CHL,51
2006,AFG,CHN,21
2006,AFG,CIV,42
2006,AFG,CUB,15
2006,AFG,CYP,144
2006,AFG,CZE,237
2006,AFG,DEU,25878
2006,AFG,DNK,6367
2006,AFG,ECU,32
2006,AFG,EGY,93
2006,AFG,ESP,74
2006,AFG,FIN,1942
2006,AFG,FRA,2476
2006,AFG,GBR,23069
2006,AFG,GEO,15
2006,AFG,GRC,1665
2006,AFG,HUN,2362
2006,AFG,IDN,225
2006,AFG,IND,28827
2006,AFG,IRL,211
2006,AFG,IRN,2744358
2006,AFG,ITA,473
2006,AFG,JPN,115
2006,AFG,KAZ,1806
2006,AFG,KGZ,1371
2006,AFG,KWT,132
2006,AFG,LBN,18
2006,AFG,LKA,15
2006,AFG,LTU,96
2006,AFG,MDA,36
2006,AFG,MLT,8
2006,AFG,MYS,255
2006,AFG,NLD,22650
2006,AFG,NOR,4871
2006,AFG,NZL,961
2006,AFG,PAK,2094241
2006,AFG,POL,79
2006,AFG,PRT,5
2006,AFG,QAT,120
2006,AFG,ROU,292
2006,AFG,RUS,101432
2006,AFG,SAU,30
2006,AFG,SVK,423
2006,AFG,SWE,4869
2006,AFG,SYR,1962
2006,AFG,TJK,2117
2006,AFG,TKM,2130
2006,AFG,TUR,1239
2006,AFG,UKR,2721
2006,AFG,USA,13348
2006,AFG,UZB,1415
2006,AFG,ZAF,18
2006,IRN,AFG,117
2007,AFG,ARE,15
2007,AFG,AUS,5002
2007,AFG,AUT,5735
2007,AFG,AZE,1686
2007,AFG,BEL,302
2007,AFG,BGR,2524
2007,AFG,BLR,1367
2007,AFG,BRA,15
2007,AFG,CAN,4673
2007,AFG,CHE,4741
2007,AFG,CHL,51
2007,AFG,CHN,21
2007,AFG,CIV,42
2007,AFG,CYP,112
2007,AFG,CZE,258
2007,AFG,DEU,26459
2007,AFG,DNK,5436
2007,AFG,ECU,277
2007,AFG,EGY,84
2007,AFG,ESP,69
2007,AFG,EST,18
2007,AFG,FIN,561
2007,AFG,FRA,2546
2007,AFG,GBR,23565
2007,AFG,GEO,15
2007,AFG,GRC,1235
2007,AFG,HKG,15
2007,AFG,HUN,2312
2007,AFG,IDN,183
2007,AFG,IND,29103
2007,AFG,IRL,224
2007,AFG,IRN,1814076
2007,AFG,ITA,1138
2007,AFG,JPN,122
2007,AFG,KAZ,1227
2007,AFG,KGZ,1863
2007,AFG,KWT,78
2007,AFG,LBN,45
2007,AFG,LKA,15
2007,AFG,LTU,113
2007,AFG,MDA,36
2007,AFG,MLT,8
2007,AFG,MYS,570
2007,AFG,NLD,17296
2007,AFG,NOR,3571
2007,AFG,NZL,167
2007,AFG,PAK,3810266
2007,AFG,POL,81
2007,AFG,PRT,6
2007,AFG,QAT,120
2007,AFG,ROU,274
2007,AFG,RUS,3387
2007,AFG,SAU,27
2007,AFG,SVK,94
2007,AFG,SWE,3235
2007,AFG,SYR,2067
2007,AFG,THA,15
2007,AFG,TJK,1344
2007,AFG,TKM,255
2007,AFG,TUR,2739
2007,AFG,UKR,2661
2007,AFG,USA,2438
2007,AFG,UZB,1047
2007,AFG,ZAF,18
2007,IRN,AFG,114
2007,IRQ,AFG,15
2008,AFG,AUS,4961
2008,AFG,AUT,7403
2008,AFG,AZE,1844
2008,AFG,BEL,392
2008,AFG,BGR,2499
2008,AFG,BLR,1395
2008,AFG,BRA,15
2008,AFG,CAN,4956
2008,AFG,CHE,5763
2008,AFG,CHL,16
2008,AFG,CIV,48
2008,AFG,CYP,81
2008,AFG,CZE,248
2008,AFG,DEU,28469
2008,AFG,DNK,5296
2008,AFG,ECU,284
2008,AFG,EGY,84
2008,AFG,ESP,69
2008,AFG,EST,18
2008,AFG,FIN,791
2008,AFG,FRA,2690
2008,AFG,GBR,23079
2008,AFG,GEO,15
2008,AFG,GRC,1700
2008,AFG,HKG,18
2008,AFG,HUN,2164
2008,AFG,IDN,495
2008,AFG,IND,30306
2008,AFG,IRL,249
2008,AFG,IRN,2811510
2008,AFG,ISL,15
2008,AFG,ITA,2315
2008,AFG,JPN,123
2008,AFG,KAZ,1535
2008,AFG,KGZ,2076
2008,AFG,KWT,5385
2008,AFG,LBN,42
2008,AFG,LKA,30
2008,AFG,LTU,97
2008,AFG,LVA,24
2008,AFG,MDA,30
2008,AFG,MLT,8
2008,AFG,MYS,1581
2008,AFG,NLD,13477
2008,AFG,NOR,5257
2008,AFG,NZL,172
2008,AFG,PAK,3317625
2008,AFG,POL,73
2008,AFG,PRT,8
2008,AFG,ROU,230
2008,AFG,RUS,3206
2008,AFG,SAU,15
2008,AFG,SVK,112
2008,AFG,SVN,9
2008,AFG,SWE,3550
2008,AFG,SYR,2418
2008,AFG,TJK,1883
2008,AFG,TKM,138
2008,AFG,TUR,9475
2008,AFG,UKR,4180
2008,AFG,USA,2164
2008,AFG,UZB,2427
2008,AFG,ZAF,18
2008,IRN,AFG,105
2008,IRQ,AFG,21
2008,PAK,AFG,15
2009,AFG,ARE,15
2009,AFG,AUS,5718
2009,AFG,AUT,9209
2009,AFG,AZE,1996
2009,AFG,BEL,542
2009,AFG,BGR,2543
2009,AFG,BLR,1397
2009,AFG,BRA,36
2009,AFG,CAN,5085
2009,AFG,CHE,6876
2009,AFG,CHN,21
2009,AFG,CIV,51
2009,AFG,CYM,15
2009,AFG,CYP,52
2009,AFG,CZE,232
2009,AFG,DEU,103604
2009,AFG,DNK,5354
2009,AFG,ECU,387
2009,AFG,ESP,70
2009,AFG,EST,45
2009,AFG,FIN,1002
2009,AFG,FJI,15
2009,AFG,FRA,1567
2009,AFG,GBR,23658
2009,AFG,GRC,148
2009,AFG,HKG,45
2009,AFG,HRV,42
2009,AFG,HUN,5919
2009,AFG,IDN,4893
2009,AFG,IND,29589
2009,AFG,IRL,204
2009,AFG,IRN,3072636
2009,AFG,ISL,15
2009,AFG,ITA,3039
2009,AFG,JOR,75
2009,AFG,JPN,114
2009,AFG,KAZ,1307
2009,AFG,KGZ,1923
2009,AFG,KOR,27
2009,AFG,KWT,5400
2009,AFG,LBN,42
2009,AFG,LKA,5
2009,AFG,LTU,125
2009,AFG,LUX,11
2009,AFG,LVA,75
2009,AFG,MDA,48
2009,AFG,MLT,8
2009,AFG,MYS,1632
2009,AFG,NLD,10987
2009,AFG,NOR,7666
2009,AFG,NZL,174
2009,AFG,PAK,3263734
2009,AFG,PAN,15
2009,AFG,POL,77
2009,AFG,PRT,7
2009,AFG,ROU,129
2009,AFG,RUS,2725
2009,AFG,SRB,45
2009,AFG,SVK,101
2009,AFG,SVN,12
2009,AFG,SWE,4698
2009,AFG,SYR,4290
2009,AFG,TJK,4293
2009,AFG,TKM,87
2009,AFG,TUR,8808
2009,AFG,UKR,5322
2009,AFG,USA,1771
2009,AFG,UZB,1638
2009,AFG,ZAF,18
2009,IRN,AFG,117
2009,IRQ,AFG,18
2009,PAK,AFG,15
2010,AFG,AFG,2514750
2010,AFG,ARE,63
2010,AFG,AUS,5586
2010,AFG,AUT,10055
2010,AFG,AZE,2154
2010,AFG,BEL,1002
2010,AFG,BGR,2508
2010,AFG,BIH,33
2010,AFG,BLR,1416
2010,AFG,BRA,66
2010,AFG,CAN,4503
2010,AFG,CHE,7804
2010,AFG,CHL,12
2010,AFG,CHN,21
2010,AFG,COL,15
2010,AFG,CYM,15
2010,AFG,CYP,119
2010,AFG,CZE,238
2010,AFG,DEU,113357
2010,AFG,DNK,5441
2010,AFG,ECU,414
2010,AFG,ESP,93
2010,AFG,EST,36
2010,AFG,FIN,1042
2010,AFG,FJI,15
2010,AFG,FRA,3580
2010,AFG,GBR,23406
2010,AFG,GEO,15
2010,AFG,GRC,4648
2010,AFG,HKG,36
2010,AFG,HRV,63
2010,AFG,HUN,1821
2010,AFG,IDN,4398
2010,AFG,IND,27951
2010,AFG,IRL,338
2010,AFG,IRN,1032494
2010,AFG,ISL,6
2010,AFG,ITA,4273
2010,AFG,JOR,153
2010,AFG,JPN,108
2010,AFG,KAZ,615
2010,AFG,KGZ,1941
2010,AFG,KOR,69
2010,AFG,KWT,1984
2010,AFG,LBN,45
2010,AFG,LTU,122
2010,AFG,LUX,16
2010,AFG,LVA,123
2010,AFG,MAR,24
2010,AFG,MDA,63
2010,AFG,MKD,87
2010,AFG,MLT,8
2010,AFG,MYS,1518
2010,AFG,NLD,9751
2010,AFG,NOR,7645
2010,AFG,NZL,184
2010,AFG,PAK,5705364
2010,AFG,PAN,15
2010,AFG,POL,91
2010,AFG,PRT,6
2010,AFG,ROU,103
2010,AFG,RUS,2550
2010,AFG,SRB,300
2010,AFG,SVK,249
2010,AFG,SVN,15
2010,AFG,SWE,5858
2010,AFG,SYR,6410
2010,AFG,TJK,4911
2010,AFG,TKM,90
2010,AFG,TUR,10341
2010,AFG,UKR,5384
2010,AFG,USA,1410
2010,AFG,UZB,912
2010,AFG,VEN,15
2010,AFG,ZAF,18
2010,IRN,AFG,143
2010,IRQ,AFG,18
2010,PAK,AFG,6439
2011,AFG,AFG,2853501
2011,AFG,ARE,18
2011,AFG,AUS,4950
2011,AFG,AUT,13212
2011,AFG,AZE,2153
2011,AFG,BEL,3335
2011,AFG,BGR,2598
2011,AFG,BLR,1380
2011,AFG,BRA,72
2011,AFG,CAN,7863
2011,AFG,CHE,9777
2011,AFG,CHL,12
2011,AFG,CHN,21
2011,AFG,CIV,54
2011,AFG,COL,21
2011,AFG,CYP,122
2011,AFG,CZE,224
2011,AFG,DEU,125894
2011,AFG,DNK,3268
2011,AFG,DZA,15
2011,AFG,ECU,357
2011,AFG,EGY,15
2011,AFG,ESP,62
2011,AFG,EST,39
2011,AFG,FIN,1228
2011,AFG,FJI,15
2011,AFG,FRA,4240
2011,AFG,GBR,15826
2011,AFG,GRC,208
2011,AFG,HKG,36
2011,AFG,HRV,201
2011,AFG,HUN,1697
2011,AFG,IDN,6375
2011,AFG,IND,29340
2011,AFG,IRL,379
2011,AFG,IRN,841714
2011,AFG,ISL,33
2011,AFG,ITA,4291
2011,AFG,JOR,81
2011,AFG,JPN,85
2011,AFG,KAZ,1766
2011,AFG,KGZ,1644
2011,AFG,KOR,222
2011,AFG,LBN,57
2011,AFG,LKA,18
2011,AFG,LTU,203
2011,AFG,LVA,78
2011,AFG,MAR,24
2011,AFG,MDA,63
2011,AFG,MEX,5
2011,AFG,MKD,621
2011,AFG,MYS,1308
2011,AFG,NLD,7170
2011,AFG,NOR,7411
2011,AFG,NZL,59
2011,AFG,PAK,5110464
2011,AFG,PAN,15
2011,AFG,POL,102
2011,AFG,PRT,10
2011,AFG,ROU,162
2011,AFG,RUS,2084
2011,AFG,SAU,21
2011,AFG,SRB,522
2011,AFG,SVK,373
2011,AFG,SVN,87
2011,AFG,SWE,8824
2011,AFG,SYR,5877
2011,AFG,TJK,5581
2011,AFG,TKM,93
2011,AFG,TUR,15231
2011,AFG,UKR,4623
2011,AFG,USA,1210
2011,AFG,UZB,633
2011,AFG,VEN,15
2011,AFG,ZAF,18
2011,IRN,AFG,177
2011,IRQ,AFG,15
2011,PAK,AFG,3111
2012,AFG,AFG,2638128
2012,AFG,ARE,18
2012,AFG,AUS,8266
2012,AFG,AUT,16361
2012,AFG,AZE,1854
2012,AFG,BEL,4445
2012,AFG,BGR,368
2012,AFG,BLR,1347
2012,AFG,BRA,84
2012,AFG,CAN,4446
2012,AFG,CHE,12282
2012,AFG,CHL,12
2012,AFG,CHN,21
2012,AFG,CIV,39
2012,AFG,CYP,57
2012,AFG,CZE,496
2012,AFG,DEU,138309
2012,AFG,DNK,2876
2012,AFG,ECU,354
2012,AFG,EGY,27
2012,AFG,ESP,127
2012,AFG,EST,42
2012,AFG,FIN,1292
2012,AFG,FJI,21
2012,AFG,FRA,5775
2012,AFG,GBR,11107
2012,AFG,GEO,15
2012,AFG,GRC,343
2012,AFG,HKG,36
2012,AFG,HRV,441
2012,AFG,HUN,1131
2012,AFG,IDN,11655
2012,AFG,IND,30612
2012,AFG,IRL,391
2012,AFG,IRN,880652
2012,AFG,IRQ,99
2012,AFG,ISL,41
2012,AFG,ITA,6220
2012,AFG,JOR,72
2012,AFG,JPN,68
2012,AFG,KAZ,1680
2012,AFG,KGZ,1581
2012,AFG,KOR,96
2012,AFG,LBN,84
2012,AFG,LKA,15
2012,AFG,LTU,240
2012,AFG,LVA,85
2012,AFG,MDA,42
2012,AFG,MEX,6
2012,AFG,MKD,648
2012,AFG,MNG,15
2012,AFG,MYS,1392
2012,AFG,NLD,7599
2012,AFG,NOR,7900
2012,AFG,NRU,198
2012,AFG,NZL,45
2012,AFG,PAK,4922880
2012,AFG,PHL,15
2012,AFG,PNG,13
2012,AFG,POL,144
2012,AFG,PRT,11
2012,AFG,ROU,173
2012,AFG,RUS,2740
2012,AFG,SAU,21
2012,AFG,SRB,243
2012,AFG,SVK,387
2012,AFG,SVN,108
2012,AFG,SWE,10807
2012,AFG,SYR,5787
2012,AFG,THA,24
2012,AFG,TJK,8496
2012,AFG,TKM,57
2012,AFG,TUR,34827
2012,AFG,UKR,7153
2012,AFG,USA,1147
2012,AFG,UZB,519
2012,AFG,VEN,15
2012,AFG,ZAF,20
2012,IRN,AFG,147
2012,PAK,AFG,16328
2013,AFG,AFG,826458
2013,AFG,AUS,9307
2013,AFG,AUT,18154
2013,AFG,AZE,2025
2013,AFG,BEL,6544
2013,AFG,BGR,2020
2013,AFG,BIH,18
2013,AFG,BLR,1332
2013,AFG,BRA,144
2013,AFG,CAN,4637
2013,AFG,CHE,13436
2013,AFG,CHL,14
2013,AFG,CHN,21
2013,AFG,CYP,30
2013,AFG,CZE,248
2013,AFG,DEU,121053
2013,AFG,DNK,2348
2013,AFG,ECU,351
2013,AFG,EGY,87
2013,AFG,ESP,192
2013,AFG,EST,45
2013,AFG,FIN,1447
2013,AFG,FJI,21
2013,AFG,FRA,7027
2013,AFG,GBR,10596
2013,AFG,GEO,15
2013,AFG,GRC,4025
2013,AFG,HKG,30
2013,AFG,HRV,93
2013,AFG,HUN,1446
2013,AFG,IDN,11802
2013,AFG,IND,34131
2013,AFG,IRL,560
2013,AFG,IRN,869888
2013,AFG,IRQ,384
2013,AFG,ISL,21
2013,AFG,ITA,7681
2013,AFG,JOR,57
2013,AFG,JPN,68
2013,AFG,KAZ,1707
2013,AFG,KEN,15
2013,AFG,KGZ,1656
2013,AFG,KOR,84
2013,AFG,LBN,105
2013,AFG,LKA,69
2013,AFG,LTU,282
2013,AFG,LUX,34
2013,AFG,LVA,70
2013,AFG,MDA,66
2013,AFG,MEX,6
2013,AFG,MKD,1083
2013,AFG,MYS,975
2013,AFG,NGA,15
2013,AFG,NLD,6269
2013,AFG,NOR,6395
2013,AFG,NPL,42
2013,AFG,NRU,72
2013,AFG,NZL,32
2013,AFG,PAK,4863597
2013,AFG,PAN,27
2013,AFG,PHL,15
2013,AFG,PNG,51
2013,AFG,POL,137
2013,AFG,PRT,9
2013,AFG,ROU,167
2013,AFG,RUS,1573
2013,AFG,SAU,21
2013,AFG,SRB,63
2013,AFG,SVK,304
2013,AFG,SVN,71
2013,AFG,SWE,12197
2013,AFG,SYR,3897
2013,AFG,THA,54
2013,AFG,TJK,4463
2013,AFG,TKM,57
2013,AFG,TUR,45338
2013,AFG,UKR,5451
2013,AFG,USA,1309
2013,AFG,UZB,404
2013,AFG,VEN,15
2013,AFG,ZAF,20
2013,IRN,AFG,156
2013,PAK,AFG,17028
2014,AFG,AFG,603852
2014,AFG,ARE,15
2014,AFG,ARG,15
2014,AFG,AUS,9022
2014,AFG,AUT,14793
2014,AFG,AZE,2014
2014,AFG,BEL,5803
2014,AFG,BGR,5478
2014,AFG,BIH,21
2014,AFG,BLR,1257
2014,AFG,BRA,210
2014,AFG,CAN,4044
2014,AFG,CHE,13977
2014,AFG,CHL,14
2014,AFG,CHN,21
2014,AFG,CUB,33
2014,AFG,CYP,20
2014,AFG,CZE,235
2014,AFG,DEU,140511
2014,AFG,DNK,2274
2014,AFG,DOM,15
2014,AFG,ECU,112
2014,AFG,EGY,75
2014,AFG,ESP,275
2014,AFG,EST,45
2014,AFG,FIN,1576
2014,AFG,FJI,21
2014,AFG,FRA,8100
2014,AFG,GBR,10948
2014,AFG,GEO,45
2014,AFG,GRC,2225
2014,AFG,HKG,30
2014,AFG,HRV,81
2014,AFG,HUN,3442
2014,AFG,IDN,17565
2014,AFG,IND,35100
2014,AFG,IRL,287
2014,AFG,IRN,1008475
2014,AFG,IRQ,408
2014,AFG,ISL,21
2014,AFG,ITA,10769
2014,AFG,JOR,57
2014,AFG,JPN,82
2014,AFG,KAZ,1806
2014,AFG,KEN,15
2014,AFG,KGZ,1557
2014,AFG,KOR,147
2014,AFG,LBN,114
2014,AFG,LKA,366
2014,AFG,LTU,380
2014,AFG,LUX,104
2014,AFG,LVA,120
2014,AFG,MDA,69
2014,AFG,MEX,6
2014,AFG,MKD,1674
2014,AFG,MYS,1188
2014,AFG,NGA,15
2014,AFG,NLD,6543
2014,AFG,NOR,6006
2014,AFG,NPL,201
2014,AFG,NRU,81
2014,AFG,NZL,36
2014,AFG,PAK,4531116
2014,AFG,PAN,24
2014,AFG,PHL,15
2014,AFG,PNG,96
2014,AFG,POL,98
2014,AFG,PRT,10
2014,AFG,ROU,438
2014,AFG,RUS,1299
2014,AFG,RWA,18
2014,AFG,SAU,21
2014,AFG,SEN,27
2014,AFG,SRB,174
2014,AFG,SVK,278
2014,AFG,SVN,102
2014,AFG,SWE,14353
2014,AFG,SYR,4395
2014,AFG,THA,159
2014,AFG,TJK,2903
2014,AFG,TKM,57
2014,AFG,TUR,103760
2014,AFG,UKR,6338
2014,AFG,USA,1622
2014,AFG,UZB,369
2014,AFG,VEN,15
2014,AFG,ZAF,25
2014,IRN,AFG,171
2014,PAK,AFG,860942
2014,TJK,AFG,15
2015,AFG,AFG,450951
2015,AFG,ARG,15
2015,AFG,AUS,9207
2015,AFG,AUT,41725
2015,AFG,AZE,1962
2015,AFG,BEL,7511
2015,AFG,BGR,6679
2015,AFG,BLR,1224
2015,AFG,BRA,357
2015,AFG,CAN,3980
2015,AFG,CHE,34606
2015,AFG,CHL,14
2015,AFG,CHN,21
2015,AFG,COL,30
2015,AFG,CUB,111
2015,AFG,CYP,21
2015,AFG,CZE,240
2015,AFG,DEU,217884
2015,AFG,DNK,2383
2015,AFG,DOM,15
2015,AFG,ECU,310
2015,AFG,EGY,99
2015,AFG,ESP,309
2015,AFG,EST,51
2015,AFG,FIN,4623
2015,AFG,FJI,21
2015,AFG,FRA,10904
2015,AFG,GBR,11890
2015,AFG,GEO,33
2015,AFG,GRC,5810
2015,AFG,HKG,24
2015,AFG,HRV,66
2015,AFG,HUN,9614
2015,AFG,IDN,20016
2015,AFG,IND,38772
2015,AFG,IRL,1032
2015,AFG,IRN,1007165
2015,AFG,IRQ,426
2015,AFG,ISL,33
2015,AFG,ITA,14893
2015,AFG,JOR,51
2015,AFG,JPN,54
2015,AFG,KAZ,2079
2015,AFG,KEN,15
2015,AFG,KGZ,1128
2015,AFG,KOR,156
2015,AFG,LBN,99
2015,AFG,LIE,7
2015,AFG,LKA,693
2015,AFG,LTU,334
2015,AFG,LUX,516
2015,AFG,LVA,69
2015,AFG,MDA,78
2015,AFG,MEX,6
2015,AFG,MNG,15
2015,AFG,MYS,1527
2015,AFG,NGA,15
2015,AFG,NLD,8163
2015,AFG,NOR,11760
2015,AFG,NPL,207
2015,AFG,NRU,48
2015,AFG,NZL,45
2015,AFG,PAK,4700850
2015,AFG,PAN,24
2015,AFG,PHL,15
2015,AFG,PNG,34
2015,AFG,POL,102
2015,AFG,PRT,11
2015,AFG,ROU,505
2015,AFG,RUS,1236
2015,AFG,SDN,18
2015,AFG,SEN,27
2015,AFG,SRB,105
2015,AFG,SVK,279
2015,AFG,SVN,114
2015,AFG,SWE,53678
2015,AFG,SYR,4461
2015,AFG,THA,192
2015,AFG,TJK,4576
2015,AFG,TKM,54
2015,AFG,TUR,282006
2015,AFG,UKR,5861
2015,AFG,USA,1970
2015,AFG,UZB,318
2015,AFG,VEN,15
2015,AFG,ZAF,15
2015,IRN,AFG,150
2015,PAK,AFG,731752
2015,TJK,AFG,21
2016,AFG,AFG,342663
2016,AFG,ARE,54
2016,AFG,ARG,15
2016,AFG,AUS,11294
2016,AFG,AUT,50003
2016,AFG,AZE,1879
2016,AFG,BEL,12859
2016,AFG,BGR,7806
2016,AFG,BIH,15
2016,AFG,BLR,699
2016,AFG,BRA,362
2016,AFG,CAN,5311
2016,AFG,CHE,39091
2016,AFG,CHL,13
2016,AFG,CHN,75
2016,AFG,COL,24
2016,AFG,CUB,135
2016,AFG,CYP,14
2016,AFG,CZE,250
2016,AFG,DEU,518442
2016,AFG,DNK,5364
2016,AFG,DOM,15
2016,AFG,EGY,105
2016,AFG,ESP,350
2016,AFG,EST,23
2016,AFG,FIN,3202
2016,AFG,FJI,21
2016,AFG,FRA,19550
2016,AFG,GBR,12545
2016,AFG,GEO,42
2016,AFG,GRC,15657
2016,AFG,HRV,537
2016,AFG,HUN,2400
2016,AFG,IDN,21462
2016,AFG,IND,35844
2016,AFG,IRL,1014
2016,AFG,IRN,1007087
2016,AFG,IRQ,337
2016,AFG,ISL,29
2016,AFG,ITA,17959
2016,AFG,JOR,51
2016,AFG,JPN,49
2016,AFG,KAZ,2034
2016,AFG,KEN,24
2016,AFG,KGZ,942
2016,AFG,KOR,123
2016,AFG,LBN,84
2016,AFG,LIE,7
2016,AFG,LKA,564
2016,AFG,LTU,229
2016,AFG,LUX,546
2016,AFG,LVA,54
2016,AFG,MDA,78
2016,AFG,MDG,15
2016,AFG,MEX,6
2016,AFG,MKD,15
2016,AFG,MLT,7
2016,AFG,MNE,63
2016,AFG,MNG,15
2016,AFG,MRT,21
2016,AFG,MYS,2118
2016,AFG,NGA,15
2016,AFG,NLD,7463
2016,AFG,NOR,9020
2016,AFG,NPL,177
2016,AFG,NRU,48
2016,AFG,NZL,46
2016,AFG,PAK,4069821
2016,AFG,PAN,24
2016,AFG,PHL,36
2016,AFG,PNG,28
2016,AFG,POL,100
2016,AFG,PRT,25
2016,AFG,ROU,387
2016,AFG,RUS,935
2016,AFG,SDN,18
2016,AFG,SEN,24
2016,AFG,SRB,3671
2016,AFG,SVK,287
2016,AFG,SVN,387
2016,AFG,SWE,50775
2016,AFG,SYR,4398
2016,AFG,THA,213
2016,AFG,TJK,3142
2016,AFG,TKM,57
2016,AFG,TUR,354348
2016,AFG,UKR,5903
2016,AFG,USA,2250
2016,AFG,UZB,78
2016,AFG,VEN,30
2016,AFG,ZAF,6
2016,IRN,AFG,147
2016,PAK,AFG,179508
2016,TJK,AFG,24
2017,AFG,AFG,1344096
2017,AFG,ARE,57
2017,AFG,ARG,42
2017,AFG,ARM,15
2017,AFG,AUS,12717
2017,AFG,AUT,51172
2017,AFG,AZE,1901
2017,AFG,BEL,7116
2017,AFG,BGR,921
2017,AFG,BIH,27
2017,AFG,BLR,209
2017,AFG,BRA,264
2017,AFG,CAN,4073
2017,AFG,CHE,39730
2017,AFG,CHL,25
2017,AFG,CHN,78
2017,AFG,COL,24
2017,AFG,CUB,135
2017,AFG,CYP,17
2017,AFG,CZE,239
2017,AFG,DEU,575118
2017,AFG,DNK,3437
2017,AFG,DOM,36
2017,AFG,ECU,471
2017,AFG,EGY,117
2017,AFG,ESP,435
2017,AFG,EST,23
2017,AFG,FIN,3211
2017,AFG,FJI,36
2017,AFG,FRA,31164
2017,AFG,GBR,12205
2017,AFG,GEO,63
2017,AFG,GRC,11673
2017,AFG,HRV,414
2017,AFG,HUN,1653
2017,AFG,IDN,22677
2017,AFG,IND,40503
2017,AFG,IRL,1230
2017,AFG,IRN,1007102
2017,AFG,IRQ,354
2017,AFG,ISL,54
2017,AFG,ITA,17493
2017,AFG,JOR,51
2017,AFG,JPN,51
2017,AFG,KAZ,2175
2017,AFG,KEN,39
2017,AFG,KGZ,846
2017,AFG,KOR,132
2017,AFG,LBN,84
2017,AFG,LBY,33
2017,AFG,LIE,5
2017,AFG,LKA,573
2017,AFG,LTU,221
2017,AFG,LUX,113
2017,AFG,LVA,66
2017,AFG,MAR,15
2017,AFG,MDA,75
2017,AFG,MDG,15
2017,AFG,MEX,6
2017,AFG,MKD,15
2017,AFG,MLT,6
2017,AFG,MNG,15
2017,AFG,MRT,21
2017,AFG,MYS,3561
2017,AFG,NGA,15
2017,AFG,NLD,7031
2017,AFG,NOR,7106
2017,AFG,NPL,171
2017,AFG,NRU,81
2017,AFG,NZL,62
2017,AFG,PAK,4187553
2017,AFG,PAN,33
2017,AFG,PHL,54
2017,AFG,PNG,117
2017,AFG,POL,106
2017,AFG,PRT,18
2017,AFG,ROU,678
2017,AFG,RUS,828
2017,AFG,SDN,24
2017,AFG,SRB,2245
2017,AFG,SVK,246
2017,AFG,SVN,246
2017,AFG,SWE,43457
2017,AFG,SYR,3759
2017,AFG,THA,279
2017,AFG,TJK,5912
2017,AFG,TKM,42
2017,AFG,TUR,490239
2017,AFG,UKR,5628
2017,AFG,USA,2374
2017,AFG,UZB,60
2017,AFG,VEN,10
2017,IRN,AFG,117
2017,PAK,AFG,227982
2017,TJK,AFG,21
2017,TUR,AFG,306
2018,AFG,AFG,1469562
2018,AFG,ARE,75
2018,AFG,ARG,39
2018,AFG,ARM,48
2018,AFG,AUS,13532
2018,AFG,AUT,49196
2018,AFG,AZE,2008
2018,AFG,BEL,5306
2018,AFG,BGR,789
2018,AFG,BIH,738
2018,AFG,BLR,301
2018,AFG,BRA,299
2018,AFG,CAN,11578
2018,AFG,CHE,39996
2018,AFG,CHL,26
2018,AFG,CHN,32
2018,AFG,COL,27
2018,AFG,CUB,126
2018,AFG,CYP,19
2018,AFG,CZE,62
2018,AFG,DEU,575568
2018,AFG,DNK,3034
2018,AFG,DOM,15
2018,AFG,ECU,258
2018,AFG,EGY,129
2018,AFG,ESP,533
2018,AFG,EST,8
2018,AFG,FIN,3318
2018,AFG,FJI,21
2018,AFG,FRA,45153
2018,AFG,GBR,12277
2018,AFG,GEO,126
2018,AFG,GRC,22824
2018,AFG,HRV,222
2018,AFG,HUN,1620
2018,AFG,IDN,23199
2018,AFG,IND,44544
2018,AFG,IRL,1311
2018,AFG,IRN,1008914
2018,AFG,IRQ,234
2018,AFG,ISL,87
2018,AFG,ITA,17766
2018,AFG,JOR,54
2018,AFG,JPN,55
2018,AFG,KAZ,2106
2018,AFG,KEN,54
2018,AFG,KGZ,771
2018,AFG,KOR,195
2018,AFG,LBN,69
2018,AFG,LBY,33
2018,AFG,LIE,5
2018,AFG,LKA,540
2018,AFG,LTU,242
2018,AFG,LUX,158
2018,AFG,LVA,67
2018,AFG,MAR,30
2018,AFG,MDA,72
2018,AFG,MDG,15
2018,AFG,MKD,15
2018,AFG,MLT,5
2018,AFG,MNG,15
2018,AFG,MRT,24
2018,AFG,MYS,5151
2018,AFG,NGA,15
2018,AFG,NLD,6805
2018,AFG,NOR,6258
2018,AFG,NPL,165
2018,AFG,NRU,86
2018,AFG,NZL,52
2018,AFG,PAK,4225599
2018,AFG,PAN,11
2018,AFG,PHL,60
2018,AFG,PNG,125
2018,AFG,POL,125
2018,AFG,PRT,21
2018,AFG,ROU,539
2018,AFG,RUS,1015
2018,AFG,SDN,11
2018,AFG,SEN,27
2018,AFG,SRB,1744
2018,AFG,SVK,260
2018,AFG,SVN,159
2018,AFG,SWE,36818
2018,AFG,SYR,3717
2018,AFG,THA,441
2018,AFG,TJK,2964
2018,AFG,TKM,42
2018,AFG,TUR,514557
2018,AFG,UKR,9728
2018,AFG,USA,2364
2018,AFG,UZB,39
2018,AFG,VEN,30
2018,BGD,AFG,5
2018,IRN,AFG,129
2018,PAK,AFG,216945
2018,TJK,AFG,21
2018,TUR,AFG,417
2019,AFG,AFG,1341279
2019,AFG,ARE,90
2019,AFG,ARG,36
2019,AFG,ARM,15
2019,AFG,AUS,13295
2019,AFG,AUT,57928
2019,AFG,AZE,2163
2019,AFG,BEL,6105
2019,AFG,BGR,543
2019,AFG,BIH,2206
2019,AFG,BLR,252
2019,AFG,BRA,317
2019,AFG,CAN,3067
2019,AFG,CHE,38607
2019,AFG,CHL,38
2019,AFG,CHN,126
2019,AFG,COL,27
2019,AFG,CUB,108
2019,AFG,CYP,19
2019,AFG,CZE,59
2019,AFG,DEU,563127
2019,AFG,DNK,2699
2019,AFG,DOM,27
2019,AFG,ECU,155
2019,AFG,EGY,192
2019,AFG,ESP,935
2019,AFG,EST,9
2019,AFG,FIN,5678
2019,AFG,FJI,30
2019,AFG,FRA,59641
2019,AFG,GBR,15293
2019,AFG,GEO,87
2019,AFG,GRC,72901
2019,AFG,HKG,15
2019,AFG,HRV,522
2019,AFG,HUN,1671
2019,AFG,IDN,23076
2019,AFG,IND,47067
2019,AFG,IRL,1479
2019,AFG,IRN,951142
2019,AFG,IRQ,201
2019,AFG,ISL,105
2019,AFG,ITA,18689
2019,AFG,JOR,57
2019,AFG,JPN,68
2019,AFG,KAZ,2016
2019,AFG,KEN,57
2019,AFG,KGZ,993
2019,AFG,KOR,90
2019,AFG,KWT,51
2019,AFG,LBN,72
2019,AFG,LBY,33
2019,AFG,LIE,15
2019,AFG,LKA,615
2019,AFG,LTU,241
2019,AFG,LUX,267
2019,AFG,LVA,66
2019,AFG,MAR,33
2019,AFG,MDA,72
2019,AFG,MDG,60
2019,AFG,MKD,60
2019,AFG,MLT,5
2019,AFG,MNE,150
2019,AFG,MYS,7434
2019,AFG,NGA,15
2019,AFG,NLD,6901
2019,AFG,NOR,5189
2019,AFG,NPL,153
2019,AFG,NRU,90
2019,AFG,NZL,77
2019,AFG,PAK,4282470
2019,AFG,PAN,11
2019,AFG,PHL,60
2019,AFG,PNG,144
2019,AFG,POL,137
2019,AFG,PRT,30
2019,AFG,ROU,578
2019,AFG,RUS,1063
2019,AFG,SDN,5
2019,AFG,SEN,15
2019,AFG,SRB,2691
2019,AFG,SVK,276
2019,AFG,SVN,97
2019,AFG,SWE,36576
2019,AFG,SYR,3426
2019,AFG,THA,456
2019,AFG,TJK,5496
2019,AFG,TKM,42
2019,AFG,TUR,350401
2019,AFG,UKR,3563
2019,AFG,URY,15
2019,AFG,USA,2356
2019,AFG,UZB,39
2019,AFG,VEN,30
2019,AFG,ZAF,24
2019,BEN,AFG,15
2019,IRN,AFG,183
2019,PAK,AFG,216987
2019,TUR,AFG,237
2020,AFG,AFG,247785
2020,AFG,ALB,15
2020,AFG,ARE,90
2020,AFG,ARG,36
2020,AFG,ARM,15
2020,AFG,AUS,12420
2020,AFG,AUT,53042
2020,AFG,AZE,3333
2020,AFG,BEL,17808
2020,AFG,BGR,2128
2020,AFG,BIH,3783
2020,AFG,BLR,222
2020,AFG,BRA,316
2020,AFG,CAN,3999
2020,AFG,CHE,40225
2020,AFG,CHL,26
2020,AFG,CHN,96
2020,AFG,COL,27
2020,AFG,CUB,84
2020,AFG,CYP,50
2020,AFG,CZE,49
2020,AFG,DEU,543016
2020,AFG,DNK,2298
2020,AFG,DOM,24
2020,AFG,ECU,453
2020,AFG,EGY,234
2020,AFG,ESP,838
2020,AFG,FIN,5187
2020,AFG,FJI,24
2020,AFG,FRA,58666
2020,AFG,GBR,15805
2020,AFG,GEO,87
2020,AFG,GRC,60868
2020,AFG,HKG,30
2020,AFG,HRV,1311
2020,AFG,HUN,3040
2020,AFG,IDN,22806
2020,AFG,IND,45396
2020,AFG,IRL,1737
2020,AFG,IRN,780000
2020,AFG,IRQ,225
2020,AFG,ISL,131
2020,AFG,ITA,13435
2020,AFG,JOR,57
2020,AFG,JPN,73
2020,AFG,KAZ,1818
2020,AFG,KEN,57
2020,AFG,KGZ,780
2020,AFG,KOR,129
2020,AFG,KWT,51
2020,AFG,LBN,60
2020,AFG,LBY,15
2020,AFG,LIE,15
2020,AFG,LKA,501
2020,AFG,LTU,248
2020,AFG,LUX,926
2020,AFG,LVA,73
2020,AFG,MAR,30
2020,AFG,MDA,72
2020,AFG,MDG,57
2020,AFG,MEX,5
2020,AFG,MKD,36
2020,AFG,MNE,18
2020,AFG,MNG,15
2020,AFG,MYS,8010
2020,AFG,NGA,15
2020,AFG,NLD,6313
2020,AFG,NOR,4137
2020,AFG,NPL,156
2020,AFG,NRU,87
2020,AFG,NZL,80
2020,AFG,PAK,4344324
2020,AFG,PAN,11
2020,AFG,PER,5
2020,AFG,PHL,27
2020,AFG,PNG,105
2020,AFG,POL,196
2020,AFG,PRT,81
2020,AFG,ROU,3478
2020,AFG,RUS,944
2020,AFG,SAU,61
2020,AFG,SDN,15
2020,AFG,SRB,2971
2020,AFG,SVK,298
2020,AFG,SVN,366
2020,AFG,SWE,32643
2020,AFG,SYR,3441
2020,AFG,THA,534
2020,AFG,TJK,5981
2020,AFG,TKM,42
2020,AFG,TUR,379531
2020,AFG,UKR,3663
2020,AFG,URY,21
2020,AFG,USA,2388
2020,AFG,UZB,39
2020,AFG,VEN,30
2020,AFG,ZAF,75
2020,BEN,AFG,15
2020,IRN,AFG,189
2020,PAK,AFG,216963
2020,TUR,AFG,168
2021,AFG,AFG,1732356
2021,AFG,ALB,39
2021,AFG,ARE,105
2021,AFG,ARG,36
2021,AFG,ARM,15
2021,AFG,AUS,17245
2021,AFG,AUT,53885
2021,AFG,AZE,3645
2021,AFG,BEL,20609
2021,AFG,BGD,15
2021,AFG,BGR,9390
2021,AFG,BIH,775
2021,AFG,BLR,423
2021,AFG,BRA,316
2021,AFG,CAN,4608
2021,AFG,CHE,42488
2021,AFG,CHL,300
2021,AFG,CHN,156
2021,AFG,COL,27
2021,AFG,CUB,51
2021,AFG,CYP,160
2021,AFG,CZE,350
2021,AFG,DEU,608458
2021,AFG,DNK,2776
2021,AFG,DOM,8
2021,AFG,ECU,441
2021,AFG,EGY,276
2021,AFG,ESP,2248
2021,AFG,EST,25
2021,AFG,FIN,4704
2021,AFG,FJI,24
2021,AFG,FRA,59484
2021,AFG,GBR,14585
2021,AFG,GEO,207
2021,AFG,GRC,46827
2021,AFG,HKG,33
2021,AFG,HRV,1737
2021,AFG,HUN,1467
2021,AFG,IDN,22314
2021,AFG,IND,48741
2021,AFG,IRL,2157
2021,AFG,IRN,2337838
2021,AFG,IRQ,321
2021,AFG,ISL,197
2021,AFG,ITA,20311
2021,AFG,JOR,54
2021,AFG,JPN,84
2021,AFG,KAZ,1842
2021,AFG,KEN,51
2021,AFG,KGZ,1566
2021,AFG,KOR,105
2021,AFG,KWT,51
2021,AFG,LBN,105
2021,AFG,LBY,15
2021,AFG,LIE,5
2021,AFG,LKA,420
2021,AFG,LTU,248
2021,AFG,LUX,627
2021,AFG,LVA,127
2021,AFG,MAR,51
2021,AFG,MDA,36
2021,AFG,MDG,60
2021,AFG,MEX,33
2021,AFG,MKD,39
2021,AFG,MLT,5
2021,AFG,MNE,15
2021,AFG,MNG,15
2021,AFG,MYS,8409
2021,AFG,NGA,15
2021,AFG,NLD,8318
2021,AFG,NOR,3750
2021,AFG,NPL,192
2021,AFG,NRU,84
2021,AFG,NZL,74
2021,AFG,PAK,4403460
2021,AFG,PAN,11
2021,AFG,PER,5
2021,AFG,PHL,42
2021,AFG,PNG,90
2021,AFG,POL,1456
2021,AFG,PRT,715
2021,AFG,QAT,7
2021,AFG,ROU,2464
2021,AFG,RUS,1114
2021,AFG,SAU,231
2021,AFG,SDN,15
2021,AFG,SRB,1575
2021,AFG,SVK,342
2021,AFG,SVN,738
2021,AFG,SWE,31210
2021,AFG,SYR,3447
2021,AFG,THA,519
2021,AFG,TJK,13765
2021,AFG,TKM,30
2021,AFG,TUR,406833
2021,AFG,UKR,3916
2021,AFG,URY,33
2021,AFG,USA,2861
2021,AFG,UZB,13056
2021,AFG,VEN,30
2021,AFG,ZAF,75
2021,BGD,AFG,15
2021,IRN,AFG,189
2021,PAK,AFG,201378
2021,TJK,AFG,18
2022,AFG,AFG,2902062
2022,AFG,ALB,66
2022,AFG,ARE,102
2022,AFG,ARG,66
2022,AFG,ARM,9
2022,AFG,AUS,11346
2022,AFG,AUT,60120
2022,AFG,AZE,3528
2022,AFG,BEL,31876
2022,AFG,BGD,15
2022,AFG,BGR,6819
2022,AFG,BIH,936
2022,AFG,BLR,456
2022,AFG,BRA,1042
2022,AFG,CAN,4992
2022,AFG,CHE,53202
2022,AFG,CHL,738
2022,AFG,CHN,201
2022,AFG,COL,27
2022,AFG,CUB,36
2022,AFG,CYP,3385
2022,AFG,CZE,367
2022,AFG,DEU,646477
2022,AFG,DNK,2581
2022,AFG,DOM,8
2022,AFG,ECU,441
2022,AFG,EGY,1143
2022,AFG,ESP,7900
2022,AFG,EST,33
2022,AFG,FIN,4675
2022,AFG,FJI,39
2022,AFG,FRA,138142
2022,AFG,GBR,24321
2022,AFG,GEO,249
2022,AFG,GHA,45
2022,AFG,GRC,41025
2022,AFG,GUY,15
2022,AFG,HKG,33
2022,AFG,HRV,832
2022,AFG,HUN,1457
2022,AFG,IDN,20973
2022,AFG,IND,45117
2022,AFG,IRL,5056
2022,AFG,IRN,10239747
2022,AFG,IRQ,1962
2022,AFG,ISL,236
2022,AFG,ITA,22203
2022,AFG,JOR,48
2022,AFG,JPN,570
2022,AFG,KAZ,1560
2022,AFG,KEN,174
2022,AFG,KGZ,1539
2022,AFG,KOR,140
2022,AFG,KWT,51
2022,AFG,LBN,132
2022,AFG,LBY,15
2022,AFG,LKA,261
2022,AFG,LTU,274
2022,AFG,LUX,1011
2022,AFG,LVA,237
2022,AFG,MAR,90
2022,AFG,MDA,45
2022,AFG,MDG,48
2022,AFG,MEX,1632
2022,AFG,MLT,10
2022,AFG,MNE,59
2022,AFG,MNG,15
2022,AFG,MYS,10176
2022,AFG,NGA,15
2022,AFG,NLD,10381
2022,AFG,NOR,3955
2022,AFG,NPL,156
2022,AFG,NRU,15
2022,AFG,NZL,74
2022,AFG,PAK,5058108
2022,AFG,PAN,11
2022,AFG,PER,5
2022,AFG,PHL,30
2022,AFG,PNG,54
2022,AFG,POL,1137
2022,AFG,PRT,880
2022,AFG,PRY,45
2022,AFG,ROU,1365
2022,AFG,RUS,1589
2022,AFG,SDN,15
2022,AFG,SRB,766
2022,AFG,SVK,391
2022,AFG,SVN,109
2022,AFG,SWE,30301
2022,AFG,SYR,3717
2022,AFG,THA,438
2022,AFG,TJK,29020
2022,AFG,TKM,27
2022,AFG,TUN,15
2022,AFG,TUR,397020
2022,AFG,UGA,99
2022,AFG,UKR,3180
2022,AFG,URY,18
2022,AFG,USA,22391
2022,AFG,UZB,13038
2022,AFG,VEN,30
2022,AFG,ZAF,54
2022,AFG,ZMB,18
2022,BGD,AFG,15
2022,IRN,AFG,168
2022,PAK,AFG,156930
2022,TJK,AFG,18
2023,AFG,AFG,4853607
2023,AFG,ALB,5
2023,AFG,ARE,90
2023,AFG,ARG,87
2023,AFG,ARM,9
2023,AFG,AUS,6957
2023,AFG,AUT,133814
2023,AFG,AZE,3387
2023,AFG,BEL,31678
2023,AFG,BEN,36
2023,AFG,BGR,9234
2023,AFG,BIH,491
2023,AFG,BLR,471
2023,AFG,BRA,13704
2023,AFG,CAN,4762
2023,AFG,CHE,63876
2023,AFG,CHL,678
2023,AFG,CHN,168
2023,AFG,COL,70
2023,AFG,CUB,27
2023,AFG,CYP,1698
2023,AFG,CZE,282
2023,AFG,DEU,898852
2023,AFG,DNK,6214
2023,AFG,DOM,44
2023,AFG,ECU,450
2023,AFG,EGY,1416
2023,AFG,ESP,9502
2023,AFG,EST,52
2023,AFG,ETH,15
2023,AFG,FIN,4539
2023,AFG,FJI,15
2023,AFG,FRA,171689
2023,AFG,GBR,147901
2023,AFG,GEO,258
2023,AFG,GHA,81
2023,AFG,GMB,15
2023,AFG,GRC,134197
2023,AFG,GUY,21
2023,AFG,HKG,36
2023,AFG,HRV,628
2023,AFG,HUN,2886
2023,AFG,IDN,17937
2023,AFG,IND,36672
2023,AFG,IRL,8404
2023,AFG,IRN,11256951
2023,AFG,IRQ,5085
2023,AFG,ISL,335
2023,AFG,ITA,21153
2023,AFG,JOR,51
2023,AFG,JPN,731
2023,AFG,KAZ,1173
2023,AFG,KEN,438
2023,AFG,KGZ,1194
2023,AFG,KOR,160
2023,AFG,KWT,51
2023,AFG,LBN,114
2023,AFG,LBY,15
2023,AFG,LKA,159
2023,AFG,LTU,282
2023,AFG,LUX,1136
2023,AFG,LVA,323
2023,AFG,MAR,48
2023,AFG,MDA,16
2023,AFG,MDG,15
2023,AFG,MEX,6702
2023,AFG,MKD,24
2023,AFG,MLT,5
2023,AFG,MNG,15
2023,AFG,MYS,8718
2023,AFG,NGA,15
2023,AFG,NLD,28475
2023,AFG,NOR,9156
2023,AFG,NPL,102
2023,AFG,NZL,100
2023,AFG,OMN,15
2023,AFG,PAK,5674725
2023,AFG,PAN,12
2023,AFG,PER,99
2023,AFG,PHL,60
2023,AFG,PNG,27
2023,AFG,POL,1387
2023,AFG,PRT,3193
2023,AFG,PRY,45
2023,AFG,ROU,1216
2023,AFG,RUS,1558
2023,AFG,RWA,42
2023,AFG,SDN,15
2023,AFG,SEN,15
2023,AFG,SRB,283
2023,AFG,SUR,5
2023,AFG,SVK,421
2023,AFG,SVN,96
2023,AFG,SWE,69219
2023,AFG,SYR,4137
2023,AFG,THA,426
2023,AFG,TJK,25407
2023,AFG,TKM,3627
2023,AFG,TUN,15
2023,AFG,TUR,118790
2023,AFG,UGA,504
2023,AFG,UKR,3066
2023,AFG,URY,18
2023,AFG,USA,43759
2023,AFG,UZB,9415
2023,AFG,VEN,30
2023,AFG,ZAF,42
2023,AFG,ZMB,21
2023,BGD,AFG,15
2023,IRN,AFG,213
2023,PAK,AFG,104982
2023,TJK,AFG,18
2024,AFG,AFG,2018658
2024,AFG,ALB,5
2024,AFG,ARE,48
2024,AFG,ARG,84
2024,AFG,ARM,49
2024,AFG,AUS,6335
2024,AFG,AUT,147016
2024,AFG,AZE,3294
2024,AFG,BEL,31769
2024,AFG,BEN,36
2024,AFG,BGD,15
2024,AFG,BGR,1606
2024,AFG,BIH,202
2024,AFG,BLR,249
2024,AFG,BRA,15845
2024,AFG,CAN,17957
2024,AFG,CHE,62641
2024,AFG,CHL,684
2024,AFG,CHN,153
2024,AFG,COL,7
2024,AFG,CUB,24
2024,AFG,CYP,1739
2024,AFG,CZE,454
2024,AFG,DEU,972269
2024,AFG,DNK,15965
2024,AFG,DOM,9
2024,AFG,ECU,222
2024,AFG,EGY,1359
2024,AFG,ESP,16590
2024,AFG,EST,124
2024,AFG,ETH,15
2024,AFG,FIN,12574
2024,AFG,FRA,195454
2024,AFG,GBR,113971
2024,AFG,GEO,255
2024,AFG,GHA,81
2024,AFG,GIN,33
2024,AFG,GMB,15
2024,AFG,GRC,87720
2024,AFG,GUY,21
2024,AFG,HKG,39
2024,AFG,HRV,465
2024,AFG,HUN,2874
2024,AFG,IDN,15594
2024,AFG,IND,29292
2024,AFG,IRL,10509
2024,AFG,IRN,10431246
2024,AFG,IRQ,9162
2024,AFG,ISL,736
2024,AFG,ITA,62637
2024,AFG,JOR,60
2024,AFG,JPN,873
2024,AFG,KAZ,960
2024,AFG,KEN,1377
2024,AFG,KGZ,1080
2024,AFG,KOR,177
2024,AFG,KWT,51
2024,AFG,LBN,132
2024,AFG,LBY,15
2024,AFG,LKA,81
2024,AFG,LTU,283
2024,AFG,LUX,1726
2024,AFG,LVA,837
2024,AFG,MAR,111
2024,AFG,MDA,17
2024,AFG,MEX,6573
2024,AFG,MKD,24
2024,AFG,MNG,33
2024,AFG,MYS,8244
2024,AFG,NGA,15
2024,AFG,NLD,28095
2024,AFG,NOR,12934
2024,AFG,NPL,102
2024,AFG,NZL,169
2024,AFG,OMN,15
2024,AFG,PAK,6810512
2024,AFG,PAN,7
2024,AFG,PER,117
2024,AFG,PHL,168
2024,AFG,PNG,18
2024,AFG,POL,1168
2024,AFG,PRT,3124
2024,AFG,PRY,45
2024,AFG,ROU,905
2024,AFG,RUS,1175
2024,AFG,RWA,183
2024,AFG,SDN,15
2024,AFG,SEN,15
2024,AFG,SRB,363
2024,AFG,SSD,15
2024,AFG,SUR,15
2024,AFG,SVK,437
2024,AFG,SVN,164
2024,AFG,SWE,74805
2024,AFG,SWZ,15
2024,AFG,SYR,4224
2024,AFG,TGO,21
2024,AFG,THA,558
2024,AFG,TJK,38793
2024,AFG,TKM,3427
2024,AFG,TUN,15
2024,AFG,TUR,83629
2024,AFG,TZA,21
2024,AFG,UGA,945
2024,AFG,UKR,2751
2024,AFG,URY,18
2024,AFG,USA,57034
2024,AFG,UZB,8515
2024,AFG,VEN,10
2024,AFG,ZAF,30
2024,AFG,ZMB,72
2024,BGD,AFG,15
2024,IND,AFG,15
2024,IRN,AFG,282
2024,PAK,AFG,63378
2024,TJK,AFG,18
