year,origin_location_code,asylum_location_code,population_group,population
2001,AFG,ARE,ASY,48
2001,AFG,ARE,REF,18
2001,AFG,AUS,ASY,452
2001,AFG,AUS,REF,6262
2001,AFG,AUT,REF,1049
2001,AFG,AZE,ASY,2793
2001,AFG,AZE,REF,729
2001,AFG,BEL,REF,714
2001,AFG,BGR,ASY,1869
2001,AFG,BGR,REF,1565
2001,AFG,BLR,ASY,639
2001,AFG,BLR,REF,1362
2001,AFG,BRA,ASY,5
2001,AFG,CAN,ASY,406
2001,AFG,CAN,REF,11371
2001,AFG,CHE,ASY,2135
2001,AFG,CHE,REF,2892
2001,AFG,CHL,REF,15
2001,AFG,CIV,ASY,18
2001,AFG,CIV,REF,15
2001,AFG,CUB,REF,78
2001,AFG,CYP,ASY,11
2001,AFG,CYP,REF,15
2001,AFG,CZE,ASY,133
2001,AFG,CZE,REF,199
2001,AFG,DEU,ASY,10057
2001,AFG,DNK,ASY,819
2001,AFG,DNK,REF,4816
2001,AFG,ECU,REF,28
2001,AFG,EGY,ASY,42
2001,AFG,EGY,REF,198
2001,AFG,ESP,REF,145
2001,AFG,EST,REF,18
2001,AFG,ETH,REF,15
2001,AFG,FIN,REF,661
2001,AFG,FRA,REF,2568
2001,AFG,GBR,REF,15065
2001,AFG,GEO,REF,15
2001,AFG,GRC,ASY,1597
2001,AFG,GRC,REF,154
2001,AFG,HKG,ASY,15
2001,AFG,HUN,ASY,1105
2001,AFG,HUN,REF,581
2001,AFG,IDN,ASY,1341
2001,AFG,IDN,REF,132
2001,AFG,IND,ASY,128
2001,AFG,IND,REF,35916
2001,AFG,IRL,REF,41
2001,AFG,IRN,REF,4446000
2001,AFG,ITA,REF,149
2001,AFG,JPN,ASY,142
2001,AFG,JPN,REF,116
2001,AFG,KAZ,ASY,10
2001,AFG,KAZ,REF,2353
2001,AFG,KGZ,ASY,98
2001,AFG,KGZ,REF,2766
2001,AFG,KHM,REF,51
2001,AFG,KWT,ASY,87
2001,AFG,KWT,REF,135
2001,AFG,LBN,REF,144
2001,AFG,LKA,ASY,39
2001,AFG,LTU,ASY,120
2001,AFG,LTU,REF,115
2001,AFG,MAR,REF,8
2001,AFG,MDA,ASY,21
2001,AFG,MDA,REF,21
2001,AFG,MEX,REF,27
2001,AFG,MLT,REF,8
2001,AFG,MYS,ASY,45
2001,AFG,MYS,REF,231
2001,AFG,NLD,ASY,7894
2001,AFG,NLD,REF,26024
2001,AFG,NOR,REF,1799
2001,AFG,NZL,REF,434
2001,AFG,OMN,ASY,48
2001,AFG,PAK,REF,5215889
2001,AFG,POL,REF,64
2001,AFG,PRT,REF,5
2001,AFG,QAT,REF,120
2001,AFG,ROU,REF,573
2001,AFG,RUS,ASY,669
2001,AFG,RUS,OOC,100000
2001,AFG,RUS,REF,491
2001,AFG,SAU,ASY,129
2001,AFG,SAU,REF,447
2001,AFG,SRB,ASY,26
2001,AFG,SRB,REF,13
2001,AFG,SVK,ASY,1598
2001,AFG,SVK,REF,193
2001,AFG,SVN,ASY,16
2001,AFG,SWE,REF,2732
2001,AFG,SYR,ASY,11
2001,AFG,SYR,REF,1221
2001,AFG,THA,ASY,5
2001,AFG,THA,REF,57
2001,AFG,TJK,ASY,376
2001,AFG,TJK,REF,34852
2001,AFG,TKM,ASY,178
2001,AFG,TKM,REF,3030
2001,AFG,TUR,ASY,921
2001,AFG,TUR,REF,318
2001,AFG,UKR,ASY,216
2001,AFG,UKR,REF,4761
2001,AFG,USA,ASY,330
2001,AFG,USA,REF,7426
2001,AFG,UZB,ASY,3948
2001,AFG,UZB,REF,14707
2001,AFG,ZAF,ASY,5
2001,AFG,ZAF,REF,10
2001,AFG,ZWE,REF,246
2001,IRN,AFG,REF,15
2001,IRQ,AFG,REF,15
2002,AFG,ARE,ASY,48
2002,AFG,ARE,REF,18
2002,AFG,AUS,ASY,128
2002,AFG,AUS,REF,6943
2002,AFG,AUT,REF,1270
2002,AFG,AZE,ASY,2757
2002,AFG,AZE,REF,771
2002,AFG,BEL,REF,248
2002,AFG,BGR,ASY,1071
2002,AFG,BGR,REF,1733
2002,AFG,BLR,ASY,506
2002,AFG,BLR,REF,1434
2002,AFG,BRA,REF,24
2002,AFG,CAN,ASY,305
2002,AFG,CAN,REF,12957
2002,AFG,CHE,ASY,2097
2002,AFG,CHE,REF,2306
2002,AFG,CHL,REF,15
2002,AFG,CHN,REF,24
2002,AFG,CIV,ASY,18
2002,AFG,CIV,REF,15
2002,AFG,CUB,REF,72
2002,AFG,CYP,ASY,19
2002,AFG,CYP,REF,15
2002,AFG,CZE,ASY,47
2002,AFG,CZE,REF,216
2002,AFG,DEU,ASY,12074
2002,AFG,DEU,REF,52289
2002,AFG,DNK,ASY,1437
2002,AFG,DNK,REF,5766
2002,AFG,ECU,REF,29
2002,AFG,EGY,REF,129
2002,AFG,ESP,REF,145
2002,AFG,EST,REF,18
2002,AFG,ETH,REF,15
2002,AFG,FIN,REF,932
2002,AFG,FRA,REF,2512
2002,AFG,GBR,REF,20305
2002,AFG,GEO,REF,15
2002,AFG,GRC,ASY,1125
2002,AFG,GRC,REF,159
2002,AFG,HKG,ASY,15
2002,AFG,HRV,ASY,15
2002,AFG,HUN,ASY,252
2002,AFG,HUN,REF,1319
2002,AFG,IDN,ASY,141
2002,AFG,IDN,REF,444
2002,AFG,IND,ASY,130
2002,AFG,IND,REF,34113
2002,AFG,IRL,REF,41
2002,AFG,IRN,REF,1104909
2002,AFG,ITA,REF,183
2002,AFG,JOR,ASY,18
2002,AFG,JPN,ASY,98
2002,AFG,JPN,REF,124
2002,AFG,KAZ,REF,4500
2002,AFG,KGZ,ASY,104
2002,AFG,KGZ,REF,2613
2002,AFG,KHM,REF,45
2002,AFG,KWT,ASY,105
2002,AFG,KWT,REF,234
2002,AFG,LBN,REF,141
2002,AFG,LKA,ASY,39
2002,AFG,LTU,ASY,81
2002,AFG,LTU,OOC,12
2002,AFG,LTU,REF,182
2002,AFG,MAR,REF,8
2002,AFG,MDA,ASY,21
2002,AFG,MDA,REF,15
2002,AFG,MEX,REF,21
2002,AFG,MLT,REF,8
2002,AFG,MYS,ASY,13
2002,AFG,MYS,REF,108
2002,AFG,NLD,ASY,5706
2002,AFG,NLD,REF,26001
2002,AFG,NOR,REF,2284
2002,AFG,NZL,REF,562
2002,AFG,OMN,ASY,48
2002,AFG,PAK,REF,3679707
2002,AFG,POL,ASY,252
2002,AFG,POL,REF,65
2002,AFG,PRT,REF,5
2002,AFG,QAT,REF,120
2002,AFG,ROU,REF,295
2002,AFG,RUS,ASY,541
2002,AFG,RUS,OOC,100000
2002,AFG,RUS,REF,1493
2002,AFG,SAU,ASY,46
2002,AFG,SAU,REF,367
2002,AFG,SRB,ASY,13
2002,AFG,SRB,REF,7
2002,AFG,SVK,ASY,552
2002,AFG,SVK,REF,183
2002,AFG,SWE,ASY,528
2002,AFG,SWE,REF,3185
2002,AFG,SYR,REF,1284
2002,AFG,THA,ASY,5
2002,AFG,THA,REF,42
2002,AFG,TJK,ASY,442
2002,AFG,TJK,REF,7140
2002,AFG,TKM,REF,3789
2002,AFG,TUR,ASY,80
2002,AFG,TUR,REF,309
2002,AFG,UKR,REF,4716
2002,AFG,USA,ASY,295
2002,AFG,USA,REF,8932
2002,AFG,UZB,ASY,3180
2002,AFG,UZB,REF,10938
2002,AFG,ZAF,ASY,7
2002,AFG,ZAF,REF,15
2002,AFG,ZWE,REF,246
2002,IRN,AFG,ASY,12
2002,IRQ,AFG,ASY,6
2003,AFG,ARE,REF,18
2003,AFG,AUS,ASY,379
2003,AFG,AUS,REF,7240
2003,AFG,AUT,REF,1595
2003,AFG,AZE,ASY,2775
2003,AFG,AZE,REF,513
2003,AFG,BEL,ASY,372
2003,AFG,BEL,REF,541
2003,AFG,BGR,ASY,996
2003,AFG,BGR,REF,1829
2003,AFG,BLR,ASY,458
2003,AFG,BLR,REF,1377
2003,AFG,BRA,REF,11
2003,AFG,CAN,ASY,175
2003,AFG,CAN,REF,14616
2003,AFG,CHE,ASY,190
2003,AFG,CHE,REF,2574
2003,AFG,CHL,REF,17
2003,AFG,CHN,REF,24
2003,AFG,CIV,ASY,13
2003,AFG,CIV,REF,21
2003,AFG,CUB,REF,69
2003,AFG,CYP,ASY,68
2003,AFG,CYP,REF,15
2003,AFG,CZE,ASY,23
2003,AFG,CZE,REF,240
2003,AFG,DEU,ASY,2529
2003,AFG,DEU,REF,46975
2003,AFG,DNK,ASY,299
2003,AFG,DNK,REF,6369
2003,AFG,ECU,ASY,5
2003,AFG,ECU,REF,29
2003,AFG,EGY,REF,105
2003,AFG,ESP,REF,94
2003,AFG,EST,REF,18
2003,AFG,ETH,REF,15
2003,AFG,FIN,REF,1101
2003,AFG,FRA,REF,2334
2003,AFG,GBR,REF,21718
2003,AFG,GEO,REF,15
2003,AFG,GRC,ASY,1320
2003,AFG,GRC,REF,159
2003,AFG,HKG,ASY,15
2003,AFG,HUN,ASY,86
2003,AFG,HUN,REF,1705
2003,AFG,IDN,ASY,15
2003,AFG,IDN,REF,237
2003,AFG,IND,ASY,88
2003,AFG,IND,REF,30849
2003,AFG,IRL,ASY,20
2003,AFG,IRL,REF,38
2003,AFG,IRN,REF,2493221
2003,AFG,ITA,REF,186
2003,AFG,JPN,ASY,20
2003,AFG,JPN,REF,122
2003,AFG,KAZ,REF,1971
2003,AFG,KGZ,ASY,109
2003,AFG,KGZ,REF,648
2003,AFG,KHM,REF,39
2003,AFG,KWT,ASY,108
2003,AFG,KWT,REF,234
2003,AFG,LBN,REF,147
2003,AFG,LKA,ASY,15
2003,AFG,LKA,REF,36
2003,AFG,LTU,ASY,16
2003,AFG,LTU,REF,89
2003,AFG,MAR,REF,8
2003,AFG,MDA,ASY,15
2003,AFG,MDA,REF,15
2003,AFG,MLT,REF,8
2003,AFG,MYS,ASY,6
2003,AFG,MYS,REF,54
2003,AFG,NLD,ASY,3712
2003,AFG,NLD,REF,26433
2003,AFG,NOR,REF,3309
2003,AFG,NZL,ASY,11
2003,AFG,NZL,REF,618
2003,AFG,OMN,ASY,48
2003,AFG,PAK,ASY,12759
2003,AFG,PAK,REF,3370941
2003,AFG,POL,ASY,255
2003,AFG,POL,REF,80
2003,AFG,PRT,REF,5
2003,AFG,QAT,REF,120
2003,AFG,ROU,ASY,5
2003,AFG,ROU,REF,298
2003,AFG,RUS,ASY,234
2003,AFG,RUS,OOC,100000
2003,AFG,RUS,REF,1541
2003,AFG,SAU,ASY,45
2003,AFG,SAU,REF,321
2003,AFG,SRB,ASY,7
2003,AFG,SVK,ASY,469
2003,AFG,SVK,REF,165
2003,AFG,SWE,ASY,877
2003,AFG,SWE,REF,3425
2003,AFG,SYR,REF,1275
2003,AFG,TCD,REF,14
2003,AFG,THA,REF,36
2003,AFG,TJK,ASY,449
2003,AFG,TJK,REF,6608
2003,AFG,TKM,REF,3672
2003,AFG,TUR,ASY,132
2003,AFG,TUR,REF,249
2003,AFG,UKR,ASY,422
2003,AFG,UKR,REF,4530
2003,AFG,USA,ASY,220
2003,AFG,USA,REF,9601
2003,AFG,UZB,ASY,2784
2003,AFG,UZB,REF,10352
2003,AFG,ZAF,ASY,22
2003,AFG,ZAF,REF,15
2003,AFG,ZWE,REF,246
2003,CHN,AFG,ASY,10
2003,IRN,AFG,ASY,82
2003,IRN,AFG,REF,38
2003,IRQ,AFG,ASY,50
2003,IRQ,AFG,REF,10
2004,AFG,AUS,ASY,289
2004,AFG,AUS,REF,8037
2004,AFG,AUT,REF,2482
2004,AFG,AZE,ASY,2253
2004,AFG,AZE,REF,444
2004,AFG,BEL,ASY,84
2004,AFG,BEL,REF,536
2004,AFG,BGR,ASY,425
2004,AFG,BGR,REF,1908
2004,AFG,BLR,ASY,105
2004,AFG,BLR,REF,1602
2004,AFG,BRA,REF,33
2004,AFG,CAN,ASY,153
2004,AFG,CAN,REF,15242
2004,AFG,CHE,ASY,585
2004,AFG,CHE,REF,3606
2004,AFG,CHL,REF,45
2004,AFG,CHN,REF,21
2004,AFG,CIV,ASY,12
2004,AFG,CIV,REF,21
2004,AFG,CUB,REF,51
2004,AFG,CYP,ASY,135
2004,AFG,CYP,REF,27
2004,AFG,CZE,ASY,12
2004,AFG,CZE,REF,247
2004,AFG,DEU,ASY,505
2004,AFG,DEU,REF,38576
2004,AFG,DNK,ASY,159
2004,AFG,DNK,REF,6437
2004,AFG,ECU,REF,29
2004,AFG,EGY,REF,105
2004,AFG,ESP,REF,88
2004,AFG,EST,REF,18
2004,AFG,ETH,REF,15
2004,AFG,FIN,REF,1342
2004,AFG,FRA,REF,1220
2004,AFG,GBR,REF,22494
2004,AFG,GEO,REF,5
2004,AFG,GRC,ASY,1635
2004,AFG,GRC,REF,155
2004,AFG,HKG,ASY,5
2004,AFG,HUN,ASY,5
2004,AFG,HUN,REF,2497
2004,AFG,IDN,ASY,24
2004,AFG,IDN,OOC,62
2004,AFG,IDN,REF,135
2004,AFG,IND,ASY,70
2004,AFG,IND,REF,29283
2004,AFG,IRL,ASY,95
2004,AFG,IRL,REF,58
2004,AFG,IRN,ASY,72
2004,AFG,IRN,REF,2858406
2004,AFG,ISL,ASY,5
2004,AFG,ITA,REF,242
2004,AFG,JPN,ASY,29
2004,AFG,JPN,REF,122
2004,AFG,KAZ,REF,2010
2004,AFG,KGZ,ASY,384
2004,AFG,KGZ,REF,774
2004,AFG,KHM,REF,21
2004,AFG,KWT,ASY,111
2004,AFG,KWT,REF,234
2004,AFG,LBN,REF,93
2004,AFG,LKA,REF,45
2004,AFG,LTU,ASY,5
2004,AFG,LTU,REF,94
2004,AFG,MDA,ASY,15
2004,AFG,MDA,REF,15
2004,AFG,MLT,REF,8
2004,AFG,MYS,ASY,27
2004,AFG,MYS,REF,78
2004,AFG,NLD,ASY,2788
2004,AFG,NLD,REF,25907
2004,AFG,NOR,REF,3693
2004,AFG,NZL,ASY,6
2004,AFG,NZL,REF,1142
2004,AFG,OMN,ASY,48
2004,AFG,PAK,ASY,7164
2004,AFG,PAK,REF,3210490
2004,AFG,POL,ASY,17
2004,AFG,POL,REF,90
2004,AFG,PRT,REF,5
2004,AFG,QAT,REF,120
2004,AFG,ROU,REF,316
2004,AFG,RUS,ASY,253
2004,AFG,RUS,OOC,100000
2004,AFG,RUS,REF,1488
2004,AFG,SAU,ASY,24
2004,AFG,SVK,ASY,354
2004,AFG,SVK,REF,122
2004,AFG,SWE,ASY,1172
2004,AFG,SWE,REF,3903
2004,AFG,SYR,ASY,162
2004,AFG,SYR,REF,1080
2004,AFG,THA,REF,15
2004,AFG,TJK,REF,1816
2004,AFG,TKM,REF,3090
2004,AFG,TUR,ASY,990
2004,AFG,TUR,REF,192
2004,AFG,UKR,ASY,343
2004,AFG,UKR,REF,3870
2004,AFG,USA,ASY,145
2004,AFG,USA,REF,9778
2004,AFG,UZB,ASY,1278
2004,AFG,UZB,REF,9850
2004,AFG,ZAF,ASY,22
2004,AFG,ZAF,REF,15
2004,AFG,ZWE,REF,66
2004,IRN,AFG,ASY,56
2004,IRN,AFG,REF,37
2004,IRQ,AFG,REF,5
2005,AFG,AUS,ASY,30
2005,AFG,AUS,REF,8082
2005,AFG,AUT,REF,2991
2005,AFG,AZE,ASY,50
2005,AFG,AZE,OOC,888
2005,AFG,AZE,REF,270
2005,AFG,BEL,ASY,106
2005,AFG,BEL,REF,381
2005,AFG,BGR,ASY,1160
2005,AFG,BGR,REF,1930
2005,AFG,BLR,ASY,87
2005,AFG,BLR,REF,1551
2005,AFG,BRA,REF,18
2005,AFG,CAN,ASY,672
2005,AFG,CAN,REF,15535
2005,AFG,CHE,ASY,188
2005,AFG,CHE,REF,3853
2005,AFG,CHL,REF,48
2005,AFG,CHN,REF,21
2005,AFG,CIV,ASY,30
2005,AFG,CIV,REF,21
2005,AFG,CUB,REF,27
2005,AFG,CYP,ASY,154
2005,AFG,CYP,REF,10
2005,AFG,CZE,ASY,5
2005,AFG,CZE,REF,241
2005,AFG,DEU,ASY,5081
2005,AFG,DEU,REF,31055
2005,AFG,DNK,ASY,80
2005,AFG,DNK,REF,6381
2005,AFG,ECU,REF,29
2005,AFG,EGY,REF,93
2005,AFG,ESP,REF,87
2005,AFG,FIN,REF,1604
2005,AFG,FRA,REF,2456
2005,AFG,GBR,REF,22532
2005,AFG,GEO,REF,15
2005,AFG,GRC,ASY,1677
2005,AFG,GRC,REF,181
2005,AFG,HUN,ASY,9
2005,AFG,HUN,REF,2376
2005,AFG,IDN,ASY,15
2005,AFG,IDN,OOC,180
2005,AFG,IDN,REF,39
2005,AFG,IND,ASY,60
2005,AFG,IND,REF,29100
2005,AFG,IRL,REF,77
2005,AFG,IRN,ASY,168
2005,AFG,IRN,REF,2760744
2005,AFG,ITA,REF,302
2005,AFG,JPN,ASY,29
2005,AFG,JPN,REF,112
2005,AFG,KAZ,REF,2280
2005,AFG,KGZ,ASY,351
2005,AFG,KGZ,REF,753
2005,AFG,KWT,ASY,141
2005,AFG,KWT,REF,234
2005,AFG,LBN,REF,39
2005,AFG,LKA,REF,15
2005,AFG,LTU,ASY,5
2005,AFG,LTU,REF,96
2005,AFG,MDA,ASY,15
2005,AFG,MDA,REF,24
2005,AFG,MLT,REF,8
2005,AFG,MYS,ASY,99
2005,AFG,MYS,REF,153
2005,AFG,NLD,ASY,1478
2005,AFG,NLD,REF,25086
2005,AFG,NOR,REF,4052
2005,AFG,NZL,ASY,5
2005,AFG,NZL,REF,1261
2005,AFG,PAK,ASY,2765
2005,AFG,PAK,REF,2168416
2005,AFG,POL,REF,87
2005,AFG,PRT,REF,5
2005,AFG,QAT,REF,120
2005,AFG,ROU,REF,306
2005,AFG,RUS,ASY,225
2005,AFG,RUS,OOC,100000
2005,AFG,RUS,REF,1294
2005,AFG,SAU,ASY,18
2005,AFG,SVK,ASY,344
2005,AFG,SVK,REF,186
2005,AFG,SWE,ASY,699
2005,AFG,SWE,REF,4264
2005,AFG,SYR,ASY,324
2005,AFG,SYR,REF,687
2005,AFG,THA,REF,15
2005,AFG,TJK,ASY,22
2005,AFG,TJK,REF,2012
2005,AFG,TKM,REF,2247
2005,AFG,TUR,ASY,768
2005,AFG,TUR,REF,228
2005,AFG,UKR,ASY,652
2005,AFG,UKR,REF,3639
2005,AFG,USA,ASY,100
2005,AFG,USA,REF,8831
2005,AFG,UZB,ASY,1602
2005,AFG,UZB,REF,8350
2005,AFG,ZAF,ASY,19
2005,AFG,ZAF,REF,18
2005,IRN,AFG,ASY,10
2005,IRN,AFG,REF,62
2005,PAK,AFG,ASY,14
2006,AFG,ARE,REF,15
2006,AFG,AUS,ASY,15
2006,AFG,AUS,REF,7908
2006,AFG,AUT,ASY,1575
2006,AFG,AUT,REF,3664
2006,AFG,AZE,ASY,89
2006,AFG,AZE,OOC,1116
2006,AFG,AZE,REF,312
2006,AFG,BEL,ASY,17
2006,AFG,BEL,REF,452
2006,AFG,BGR,ASY,687
2006,AFG,BGR,REF,1967
2006,AFG,BLR,ASY,27
2006,AFG,BLR,REF,1473
2006,AFG,BRA,REF,10
2006,AFG,CAN,ASY,583
2006,AFG,CAN,REF,14419
2006,AFG,CHE,ASY,189
2006,AFG,CHE,REF,3452
2006,AFG,CHL,REF,51
2006,AFG,CHN,REF,21
2006,AFG,CIV,REF,42
2006,AFG,CUB,ASY,15
2006,AFG,CYP,ASY,134
2006,AFG,CYP,REF,10
2006,AFG,CZE,REF,237
2006,AFG,DEU,ASY,3999
2006,AFG,DEU,REF,21879
2006,AFG,DNK,ASY,61
2006,AFG,DNK,REF,6306
2006,AFG,ECU,REF,32
2006,AFG,EGY,REF,93
2006,AFG,ESP,REF,74
2006,AFG,FIN,ASY,59
2006,AFG,FIN,REF,1883
2006,AFG,FRA,REF,2476
2006,AFG,GBR,REF,23069
2006,AFG,GEO,REF,15
2006,AFG,GRC,ASY,1494
2006,AFG,GRC,REF,171
2006,AFG,HUN,ASY,5
2006,AFG,HUN,REF,2357
2006,AFG,IDN,ASY,30
2006,AFG,IDN,REF,195
2006,AFG,IND,ASY,411
2006,AFG,IND,REF,28416
2006,AFG,IRL,ASY,112
2006,AFG,IRL,REF,99
2006,AFG,IRN,ASY,1578
2006,AFG,IRN,REF,2742780
2006,AFG,ITA,REF,473
2006,AFG,JPN,ASY,5
2006,AFG,JPN,REF,110
2006,AFG,KAZ,ASY,42
2006,AFG,KAZ,REF,1764
2006,AFG,KGZ,ASY,603
2006,AFG,KGZ,REF,768
2006,AFG,KWT,ASY,132
2006,AFG,LBN,REF,18
2006,AFG,LKA,REF,15
2006,AFG,LTU,REF,96
2006,AFG,MDA,REF,36
2006,AFG,MLT,REF,8
2006,AFG,MYS,ASY,90
2006,AFG,MYS,REF,165
2006,AFG,NLD,ASY,1293
2006,AFG,NLD,REF,21357
2006,AFG,NOR,ASY,787
2006,AFG,NOR,REF,4084
2006,AFG,NZL,REF,961
2006,AFG,PAK,ASY,6273
2006,AFG,PAK,REF,2087968
2006,AFG,POL,REF,79
2006,AFG,PRT,REF,5
2006,AFG,QAT,REF,120
2006,AFG,ROU,REF,292
2006,AFG,RUS,ASY,230
2006,AFG,RUS,OOC,100000
2006,AFG,RUS,REF,1202
2006,AFG,SAU,ASY,30
2006,AFG,SVK,ASY,330
2006,AFG,SVK,REF,93
2006,AFG,SWE,ASY,591
2006,AFG,SWE,REF,4278
2006,AFG,SYR,ASY,1065
2006,AFG,SYR,REF,897
2006,AFG,TJK,ASY,238
2006,AFG,TJK,REF,1879
2006,AFG,TKM,REF,2130
2006,AFG,TUR,ASY,1014
2006,AFG,TUR,REF,225
2006,AFG,UKR,ASY,343
2006,AFG,UKR,REF,2378
2006,AFG,USA,ASY,106
2006,AFG,USA,REF,13242
2006,AFG,UZB,REF,1415
2006,AFG,ZAF,REF,18
2006,IRN,AFG,ASY,15
2006,IRN,AFG,REF,102
2007,AFG,ARE,REF,15
2007,AFG,AUS,ASY,12
2007,AFG,AUS,REF,4990
2007,AFG,AUT,ASY,1544
2007,AFG,AUT,REF,4191
2007,AFG,AZE,ASY,129
2007,AFG,AZE,OOC,1233
2007,AFG,AZE,REF,324
2007,AFG,BEL,REF,302
2007,AFG,BGR,ASY,534
2007,AFG,BGR,REF,1990
2007,AFG,BLR,ASY,5
2007,AFG,BLR,REF,1362
2007,AFG,BRA,REF,15
2007,AFG,CAN,ASY,1203
2007,AFG,CAN,REF,3470
2007,AFG,CHE,ASY,753
2007,AFG,CHE,REF,3988
2007,AFG,CHL,REF,51
2007,AFG,CHN,REF,21
2007,AFG,CIV,REF,42
2007,AFG,CYP,ASY,107
2007,AFG,CYP,REF,5
2007,AFG,CZE,ASY,16
2007,AFG,CZE,REF,242
2007,AFG,DEU,ASY,2223
2007,AFG,DEU,REF,24236
2007,AFG,DNK,ASY,58
2007,AFG,DNK,REF,5378
2007,AFG,ECU,ASY,65
2007,AFG,ECU,REF,212
2007,AFG,EGY,REF,84
2007,AFG,ESP,REF,69
2007,AFG,EST,REF,18
2007,AFG,FIN,ASY,44
2007,AFG,FIN,REF,517
2007,AFG,FRA,REF,2546
2007,AFG,GBR,REF,23565
2007,AFG,GEO,REF,15
2007,AFG,GRC,ASY,1061
2007,AFG,GRC,REF,174
2007,AFG,HKG,ASY,15
2007,AFG,HUN,ASY,19
2007,AFG,HUN,REF,2293
2007,AFG,IDN,ASY,36
2007,AFG,IDN,REF,147
2007,AFG,IND,ASY,2070
2007,AFG,IND,REF,27033
2007,AFG,IRL,ASY,118
2007,AFG,IRL,REF,106
2007,AFG,IRN,ASY,1934
2007,AFG,IRN,REF,1812142
2007,AFG,ITA,REF,1138
2007,AFG,JPN,ASY,10
2007,AFG,JPN,REF,112
2007,AFG,KAZ,ASY,15
2007,AFG,KAZ,REF,1212
2007,AFG,KGZ,ASY,1032
2007,AFG,KGZ,REF,831
2007,AFG,KWT,ASY,63
2007,AFG,KWT,REF,15
2007,AFG,LBN,ASY,18
2007,AFG,LBN,REF,27
2007,AFG,LKA,REF,15
2007,AFG,LTU,REF,113
2007,AFG,MDA,REF,36
2007,AFG,MLT,REF,8
2007,AFG,MYS,ASY,366
2007,AFG,MYS,REF,204
2007,AFG,NLD,REF,17296
2007,AFG,NOR,ASY,646
2007,AFG,NOR,REF,2925
2007,AFG,NZL,ASY,5
2007,AFG,NZL,REF,162
2007,AFG,PAK,ASY,2518
2007,AFG,PAK,REF,3807748
2007,AFG,POL,ASY,5
2007,AFG,POL,REF,76
2007,AFG,PRT,REF,6
2007,AFG,QAT,REF,120
2007,AFG,ROU,REF,274
2007,AFG,RUS,ASY,2072
2007,AFG,RUS,REF,1315
2007,AFG,SAU,ASY,27
2007,AFG,SVK,ASY,7
2007,AFG,SVK,REF,87
2007,AFG,SWE,ASY,624
2007,AFG,SWE,REF,2611
2007,AFG,SYR,ASY,1389
2007,AFG,SYR,REF,678
2007,AFG,THA,REF,15
2007,AFG,TJK,ASY,142
2007,AFG,TJK,REF,1202
2007,AFG,TKM,REF,255
2007,AFG,TUR,ASY,2103
2007,AFG,TUR,REF,636
2007,AFG,UKR,ASY,319
2007,AFG,UKR,REF,2342
2007,AFG,USA,ASY,73
2007,AFG,USA,REF,2365
2007,AFG,UZB,REF,1047
2007,AFG,ZAF,REF,18
2007,IRN,AFG,REF,114
2007,IRQ,AFG,REF,15
2008,AFG,AUS,ASY,28
2008,AFG,AUS,REF,4933
2008,AFG,AUT,ASY,2016
2008,AFG,AUT,REF,5387
2008,AFG,AZE,ASY,62
2008,AFG,AZE,OOC,1407
2008,AFG,AZE,REF,375
2008,AFG,BEL,REF,392
2008,AFG,BGR,ASY,487
2008,AFG,BGR,REF,2012
2008,AFG,BLR,ASY,87
2008,AFG,BLR,REF,1308
2008,AFG,BRA,REF,15
2008,AFG,CAN,ASY,1809
2008,AFG,CAN,REF,3147
2008,AFG,CHE,ASY,1746
2008,AFG,CHE,REF,4017
2008,AFG,CHL,REF,16
2008,AFG,CIV,REF,48
2008,AFG,CYP,ASY,75
2008,AFG,CYP,REF,6
2008,AFG,CZE,ASY,22
2008,AFG,CZE,REF,226
2008,AFG,DEU,ASY,1729
2008,AFG,DEU,OOC,1632
2008,AFG,DEU,REF,25108
2008,AFG,DNK,ASY,82
2008,AFG,DNK,REF,5214
2008,AFG,ECU,ASY,57
2008,AFG,ECU,REF,227
2008,AFG,EGY,REF,84
2008,AFG,ESP,REF,69
2008,AFG,EST,REF,18
2008,AFG,FIN,ASY,213
2008,AFG,FIN,REF,578
2008,AFG,FRA,REF,2690
2008,AFG,GBR,REF,23079
2008,AFG,GEO,REF,15
2008,AFG,GRC,ASY,1522
2008,AFG,GRC,REF,178
2008,AFG,HKG,ASY,18
2008,AFG,HUN,ASY,54
2008,AFG,HUN,REF,2110
2008,AFG,IDN,ASY,408
2008,AFG,IDN,REF,87
2008,AFG,IND,ASY,4983
2008,AFG,IND,REF,25323
2008,AFG,IRL,ASY,122
2008,AFG,IRL,REF,127
2008,AFG,IRN,ASY,4725
2008,AFG,IRN,REF,2806785
2008,AFG,ISL,ASY,15
2008,AFG,ITA,REF,2315
2008,AFG,JPN,ASY,11
2008,AFG,JPN,REF,112
2008,AFG,KAZ,ASY,56
2008,AFG,KAZ,REF,1479
2008,AFG,KGZ,ASY,1275
2008,AFG,KGZ,REF,801
2008,AFG,KWT,ASY,5385
2008,AFG,LBN,ASY,18
2008,AFG,LBN,REF,24
2008,AFG,LKA,ASY,15
2008,AFG,LKA,REF,15
2008,AFG,LTU,REF,97
2008,AFG,LVA,ASY,24
2008,AFG,MDA,REF,30
2008,AFG,MLT,REF,8
2008,AFG,MYS,ASY,1395
2008,AFG,MYS,REF,186
2008,AFG,NLD,REF,13477
2008,AFG,NOR,ASY,1839
2008,AFG,NOR,REF,3418
2008,AFG,NZL,ASY,5
2008,AFG,NZL,REF,167
2008,AFG,PAK,ASY,7605
2008,AFG,PAK,REF,3310020
2008,AFG,POL,ASY,5
2008,AFG,POL,REF,68
2008,AFG,PRT,REF,8
2008,AFG,ROU,REF,230
2008,AFG,RUS,ASY,841
2008,AFG,RUS,REF,2365
2008,AFG,SAU,ASY,15
2008,AFG,SVK,REF,112
2008,AFG,SVN,ASY,9
2008,AFG,SWE,ASY,604
2008,AFG,SWE,REF,2946
2008,AFG,SYR,ASY,867
2008,AFG,SYR,REF,1551
2008,AFG,TJK,ASY,41
2008,AFG,TJK,REF,1842
2008,AFG,TKM,REF,138
2008,AFG,TUR,ASY,8434
2008,AFG,TUR,REF,1041
2008,AFG,UKR,ASY,712
2008,AFG,UKR,REF,3468
2008,AFG,USA,ASY,63
2008,AFG,USA,REF,2101
2008,AFG,UZB,REF,2427
2008,AFG,ZAF,REF,18
2008,IRN,AFG,ASY,15
2008,IRN,AFG,REF,90
2008,IRQ,AFG,REF,21
2008,PAK,AFG,ASY,15
2009,AFG,ARE,REF,15
2009,AFG,AUS,ASY,54
2009,AFG,AUS,REF,5664
2009,AFG,AUT,ASY,2808
2009,AFG,AUT,REF,6401
2009,AFG,AZE,ASY,25
2009,AFG,AZE,OOC,1524
2009,AFG,AZE,REF,447
2009,AFG,BEL,REF,542
2009,AFG,BGR,ASY,504
2009,AFG,BGR,REF,2039
2009,AFG,BLR,ASY,173
2009,AFG,BLR,REF,1224
2009,AFG,BRA,REF,36
2009,AFG,CAN,ASY,2070
2009,AFG,CAN,REF,3015
2009,AFG,CHE,ASY,2607
2009,AFG,CHE,REF,4269
2009,AFG,CHN,REF,21
2009,AFG,CIV,REF,51
2009,AFG,CYM,ASY,15
2009,AFG,CYP,ASY,45
2009,AFG,CYP,REF,7
2009,AFG,CZE,ASY,10
2009,AFG,CZE,REF,222
2009,AFG,DEU,ASY,11673
2009,AFG,DEU,OOC,971
2009,AFG,DEU,REF,90960
2009,AFG,DNK,ASY,328
2009,AFG,DNK,REF,5026
2009,AFG,ECU,ASY,72
2009,AFG,ECU,REF,315
2009,AFG,ESP,REF,70
2009,AFG,EST,ASY,27
2009,AFG,EST,REF,18
2009,AFG,FIN,ASY,346
2009,AFG,FIN,REF,656
2009,AFG,FJI,ASY,15
2009,AFG,FRA,REF,1567
2009,AFG,GBR,REF,23658
2009,AFG,GRC,REF,148
2009,AFG,HKG,ASY,45
2009,AFG,HRV,ASY,27
2009,AFG,HRV,REF,15
2009,AFG,HUN,ASY,198
2009,AFG,HUN,REF,5721
2009,AFG,IDN,ASY,4233
2009,AFG,IDN,REF,660
2009,AFG,IND,ASY,4005
2009,AFG,IND,REF,25584
2009,AFG,IRL,ASY,55
2009,AFG,IRL,REF,149
2009,AFG,IRN,ASY,5154
2009,AFG,IRN,REF,3067482
2009,AFG,ISL,REF,15
2009,AFG,ITA,REF,3039
2009,AFG,JOR,ASY,60
2009,AFG,JOR,REF,15
2009,AFG,JPN,REF,114
2009,AFG,KAZ,ASY,20
2009,AFG,KAZ,REF,1287
2009,AFG,KGZ,ASY,954
2009,AFG,KGZ,REF,969
2009,AFG,KOR,ASY,27
2009,AFG,KWT,ASY,5400
2009,AFG,LBN,ASY,18
2009,AFG,LBN,REF,24
2009,AFG,LKA,ASY,5
2009,AFG,LTU,ASY,15
2009,AFG,LTU,REF,110
2009,AFG,LUX,ASY,11
2009,AFG,LVA,ASY,60
2009,AFG,LVA,REF,15
2009,AFG,MDA,ASY,21
2009,AFG,MDA,REF,27
2009,AFG,MLT,REF,8
2009,AFG,MYS,ASY,888
2009,AFG,MYS,REF,744
2009,AFG,NLD,ASY,1604
2009,AFG,NLD,REF,9383
2009,AFG,NOR,ASY,3251
2009,AFG,NOR,REF,4415
2009,AFG,NZL,ASY,5
2009,AFG,NZL,REF,169
2009,AFG,PAK,ASY,6567
2009,AFG,PAK,REF,3257167
2009,AFG,PAN,ASY,15
2009,AFG,POL,ASY,10
2009,AFG,POL,REF,67
2009,AFG,PRT,REF,7
2009,AFG,ROU,ASY,27
2009,AFG,ROU,REF,102
2009,AFG,RUS,ASY,646
2009,AFG,RUS,REF,2079
2009,AFG,SRB,ASY,45
2009,AFG,SVK,REF,101
2009,AFG,SVN,ASY,7
2009,AFG,SVN,REF,5
2009,AFG,SWE,ASY,1061
2009,AFG,SWE,REF,3637
2009,AFG,SYR,ASY,1401
2009,AFG,SYR,REF,2889
2009,AFG,TJK,ASY,1558
2009,AFG,TJK,REF,2735
2009,AFG,TKM,REF,87
2009,AFG,TUR,ASY,5688
2009,AFG,TUR,REF,3120
2009,AFG,UKR,ASY,1605
2009,AFG,UKR,REF,3717
2009,AFG,USA,ASY,60
2009,AFG,USA,REF,1711
2009,AFG,UZB,REF,1638
2009,AFG,ZAF,REF,18
2009,IRN,AFG,ASY,27
2009,IRN,AFG,REF,90
2009,IRQ,AFG,REF,18
2009,PAK,AFG,ASY,15
2010,AFG,AFG,OOC,2514750
2010,AFG,ARE,ASY,48
2010,AFG,ARE,REF,15
2010,AFG,AUS,ASY,68
2010,AFG,AUS,REF,5518
2010,AFG,AUT,ASY,2696
2010,AFG,AUT,REF,7359
2010,AFG,AZE,REF,2154
2010,AFG,BEL,REF,1002
2010,AFG,BGR,ASY,460
2010,AFG,BGR,REF,2048
2010,AFG,BIH,ASY,33
2010,AFG,BLR,ASY,165
2010,AFG,BLR,REF,1251
2010,AFG,BRA,REF,66
2010,AFG,CAN,ASY,1776
2010,AFG,CAN,REF,2727
2010,AFG,CHE,ASY,2769
2010,AFG,CHE,REF,5035
2010,AFG,CHL,REF,12
2010,AFG,CHN,REF,21
2010,AFG,COL,ASY,15
2010,AFG,CYM,ASY,15
2010,AFG,CYP,ASY,112
2010,AFG,CYP,REF,7
2010,AFG,CZE,ASY,14
2010,AFG,CZE,REF,224
2010,AFG,DEU,ASY,21072
2010,AFG,DEU,OOC,1073
2010,AFG,DEU,REF,91212
2010,AFG,DNK,ASY,974
2010,AFG,DNK,REF,4467
2010,AFG,ECU,ASY,72
2010,AFG,ECU,REF,342
2010,AFG,ESP,ASY,34
2010,AFG,ESP,REF,59
2010,AFG,EST,REF,36
2010,AFG,FIN,ASY,235
2010,AFG,FIN,REF,807
2010,AFG,FJI,ASY,15
2010,AFG,FRA,REF,3580
2010,AFG,GBR,REF,23406
2010,AFG,GEO,REF,15
2010,AFG,GRC,ASY,4552
2010,AFG,GRC,REF,96
2010,AFG,HKG,ASY,18
2010,AFG,HKG,REF,18
2010,AFG,HRV,ASY,48
2010,AFG,HRV,REF,15
2010,AFG,HUN,ASY,54
2010,AFG,HUN,REF,1767
2010,AFG,IDN,ASY,3621
2010,AFG,IDN,REF,777
2010,AFG,IND,ASY,669
2010,AFG,IND,REF,27282
2010,AFG,IRL,ASY,181
2010,AFG,IRL,REF,157
2010,AFG,IRN,ASY,4917
2010,AFG,IRN,REF,1027577
2010,AFG,ISL,REF,6
2010,AFG,ITA,ASY,608
2010,AFG,ITA,REF,3665
2010,AFG,JOR,ASY,108
2010,AFG,JOR,REF,45
2010,AFG,JPN,REF,108
2010,AFG,KAZ,ASY,22
2010,AFG,KAZ,REF,593
2010,AFG,KGZ,ASY,696
2010,AFG,KGZ,REF,1245
2010,AFG,KOR,ASY,48
2010,AFG,KOR,REF,21
2010,AFG,KWT,ASY,1984
2010,AFG,LBN,ASY,18
2010,AFG,LBN,REF,27
2010,AFG,LTU,REF,122
2010,AFG,LUX,ASY,16
2010,AFG,LVA,ASY,66
2010,AFG,LVA,REF,57
2010,AFG,MAR,REF,24
2010,AFG,MDA,ASY,24
2010,AFG,MDA,REF,39
2010,AFG,MKD,ASY,87
2010,AFG,MLT,REF,8
2010,AFG,MYS,ASY,228
2010,AFG,MYS,REF,1290
2010,AFG,NLD,ASY,3020
2010,AFG,NLD,REF,6731
2010,AFG,NOR,ASY,2249
2010,AFG,NOR,REF,5396
2010,AFG,NZL,ASY,12
2010,AFG,NZL,REF,172
2010,AFG,PAK,ASY,5838
2010,AFG,PAK,REF,5699526
2010,AFG,PAN,ASY,15
2010,AFG,POL,ASY,15
2010,AFG,POL,REF,76
2010,AFG,PRT,REF,6
2010,AFG,ROU,ASY,28
2010,AFG,ROU,REF,75
2010,AFG,RUS,ASY,597
2010,AFG,RUS,REF,1953
2010,AFG,SRB,ASY,300
2010,AFG,SVK,REF,249
2010,AFG,SVN,ASY,9
2010,AFG,SVN,REF,6
2010,AFG,SWE,ASY,1708
2010,AFG,SWE,REF,4150
2010,AFG,SYR,ASY,1611
2010,AFG,SYR,REF,4799
2010,AFG,TJK,ASY,1689
2010,AFG,TJK,REF,3222
2010,AFG,TKM,REF,90
2010,AFG,TUR,ASY,5868
2010,AFG,TUR,REF,4473
2010,AFG,UKR,ASY,2706
2010,AFG,UKR,REF,2678
2010,AFG,USA,ASY,46
2010,AFG,USA,REF,1364
2010,AFG,UZB,REF,912
2010,AFG,VEN,REF,15
2010,AFG,ZAF,REF,18
2010,IRN,AFG,ASY,53
2010,IRN,AFG,REF,90
2010,IRQ,AFG,REF,18
2010,PAK,AFG,ASY,27
2010,PAK,AFG,REF,6412
2011,AFG,AFG,OOC,2853501
2011,AFG,ARE,ASY,18
2011,AFG,AUS,ASY,124
2011,AFG,AUS,REF,4826
2011,AFG,AUT,ASY,4576
2011,AFG,AUT,REF,8636
2011,AFG,AZE,ASY,35
2011,AFG,AZE,REF,2118
2011,AFG,BEL,ASY,1765
2011,AFG,BEL,REF,1570
2011,AFG,BGR,ASY,531
2011,AFG,BGR,REF,2067
2011,AFG,BLR,ASY,108
2011,AFG,BLR,REF,1272
2011,AFG,BRA,REF,72
2011,AFG,CAN,ASY,1350
2011,AFG,CAN,REF,6513
2011,AFG,CHE,ASY,4107
2011,AFG,CHE,REF,5670
2011,AFG,CHL,REF,12
2011,AFG,CHN,REF,21
2011,AFG,CIV,REF,54
2011,AFG,COL,ASY,21
2011,AFG,CYP,ASY,115
2011,AFG,CYP,REF,7
2011,AFG,CZE,REF,224
2011,AFG,DEU,ASY,33261
2011,AFG,DEU,OOC,1358
2011,AFG,DEU,REF,91275
2011,AFG,DNK,ASY,160
2011,AFG,DNK,REF,3108
2011,AFG,DZA,ASY,15
2011,AFG,ECU,ASY,15
2011,AFG,ECU,REF,342
2011,AFG,EGY,ASY,15
2011,AFG,ESP,REF,62
2011,AFG,EST,REF,39
2011,AFG,FIN,ASY,280
2011,AFG,FIN,REF,948
2011,AFG,FJI,REF,15
2011,AFG,FRA,REF,4240
2011,AFG,GBR,ASY,1402
2011,AFG,GBR,REF,14424
2011,AFG,GRC,REF,208
2011,AFG,HKG,ASY,15
2011,AFG,HKG,REF,21
2011,AFG,HRV,ASY,153
2011,AFG,HRV,REF,48
2011,AFG,HUN,REF,1697
2011,AFG,IDN,ASY,4947
2011,AFG,IDN,REF,1428
2011,AFG,IND,ASY,1857
2011,AFG,IND,REF,27483
2011,AFG,IRL,ASY,209
2011,AFG,IRL,REF,170
2011,AFG,IRN,ASY,1263
2011,AFG,IRN,REF,840451
2011,AFG,ISL,ASY,15
2011,AFG,ISL,REF,18
2011,AFG,ITA,REF,4291
2011,AFG,JOR,ASY,36
2011,AFG,JOR,REF,45
2011,AFG,JPN,ASY,5
2011,AFG,JPN,REF,80
2011,AFG,KAZ,ASY,98
2011,AFG,KAZ,REF,1668
2011,AFG,KGZ,ASY,390
2011,AFG,KGZ,REF,1254
2011,AFG,KOR,ASY,195
2011,AFG,KOR,REF,27
2011,AFG,LBN,ASY,42
2011,AFG,LBN,REF,15
2011,AFG,LKA,ASY,18
2011,AFG,LTU,ASY,57
2011,AFG,LTU,REF,146
2011,AFG,LVA,ASY,14
2011,AFG,LVA,REF,64
2011,AFG,MAR,REF,24
2011,AFG,MDA,REF,63
2011,AFG,MEX,REF,5
2011,AFG,MKD,ASY,621
2011,AFG,MYS,ASY,285
2011,AFG,MYS,REF,1023
2011,AFG,NLD,ASY,1473
2011,AFG,NLD,REF,5697
2011,AFG,NOR,ASY,1678
2011,AFG,NOR,REF,5733
2011,AFG,NZL,ASY,15
2011,AFG,NZL,REF,44
2011,AFG,PAK,ASY,4629
2011,AFG,PAK,REF,5105835
2011,AFG,PAN,ASY,15
2011,AFG,POL,ASY,34
2011,AFG,POL,REF,68
2011,AFG,PRT,ASY,5
2011,AFG,PRT,REF,5
2011,AFG,ROU,ASY,71
2011,AFG,ROU,REF,91
2011,AFG,RUS,ASY,397
2011,AFG,RUS,REF,1687
2011,AFG,SAU,ASY,21
2011,AFG,SRB,ASY,522
2011,AFG,SVK,OOC,18
2011,AFG,SVK,REF,355
2011,AFG,SVN,ASY,79
2011,AFG,SVN,REF,8
2011,AFG,SWE,ASY,2204
2011,AFG,SWE,REF,6620
2011,AFG,SYR,ASY,504
2011,AFG,SYR,REF,5373
2011,AFG,TJK,ASY,2161
2011,AFG,TJK,REF,3420
2011,AFG,TKM,REF,93
2011,AFG,TUR,ASY,7185
2011,AFG,TUR,REF,8046
2011,AFG,UKR,ASY,3020
2011,AFG,UKR,REF,1603
2011,AFG,USA,ASY,107
2011,AFG,USA,REF,1103
2011,AFG,UZB,REF,633
2011,AFG,VEN,REF,15
2011,AFG,ZAF,REF,18
2011,IRN,AFG,ASY,75
2011,IRN,AFG,REF,102
2011,IRQ,AFG,REF,15
2011,PAK,AFG,ASY,81
2011,PAK,AFG,REF,3030
2012,AFG,AFG,OOC,2638128
2012,AFG,ARE,ASY,18
2012,AFG,AUS,ASY,1074
2012,AFG,AUS,REF,7192
2012,AFG,AUT,ASY,6203
2012,AFG,AUT,REF,10158
2012,AFG,AZE,ASY,126
2012,AFG,AZE,REF,1728
2012,AFG,BEL,ASY,1911
2012,AFG,BEL,REF,2534
2012,AFG,BGR,REF,368
2012,AFG,BLR,ASY,120
2012,AFG,BLR,REF,1227
2012,AFG,BRA,REF,84
2012,AFG,CAN,ASY,1233
2012,AFG,CAN,REF,3213
2012,AFG,CHE,ASY,6684
2012,AFG,CHE,REF,5598
2012,AFG,CHL,REF,12
2012,AFG,CHN,REF,21
2012,AFG,CIV,REF,39
2012,AFG,CYP,ASY,50
2012,AFG,CYP,REF,7
2012,AFG,CZE,ASY,14
2012,AFG,CZE,REF,482
2012,AFG,DEU,ASY,43071
2012,AFG,DEU,REF,95238
2012,AFG,DNK,ASY,361
2012,AFG,DNK,REF,2515
2012,AFG,ECU,ASY,15
2012,AFG,ECU,REF,339
2012,AFG,EGY,ASY,27
2012,AFG,ESP,ASY,35
2012,AFG,ESP,REF,92
2012,AFG,EST,REF,42
2012,AFG,FIN,ASY,155
2012,AFG,FIN,REF,1137
2012,AFG,FJI,ASY,21
2012,AFG,FRA,ASY,595
2012,AFG,FRA,REF,5180
2012,AFG,GBR,ASY,1262
2012,AFG,GBR,REF,9845
2012,AFG,GEO,REF,15
2012,AFG,GRC,REF,343
2012,AFG,HKG,ASY,15
2012,AFG,HKG,REF,21
2012,AFG,HRV,ASY,384
2012,AFG,HRV,REF,57
2012,AFG,HUN,REF,1131
2012,AFG,IDN,ASY,8985
2012,AFG,IDN,REF,2670
2012,AFG,IND,ASY,1713
2012,AFG,IND,REF,28899
2012,AFG,IRL,ASY,210
2012,AFG,IRL,REF,181
2012,AFG,IRN,ASY,39
2012,AFG,IRN,REF,880613
2012,AFG,IRQ,ASY,99
2012,AFG,ISL,ASY,23
2012,AFG,ISL,REF,18
2012,AFG,ITA,ASY,1162
2012,AFG,ITA,REF,5058
2012,AFG,JOR,ASY,36
2012,AFG,JOR,REF,36
2012,AFG,JPN,REF,68
2012,AFG,KAZ,ASY,105
2012,AFG,KAZ,REF,1575
2012,AFG,KGZ,ASY,450
2012,AFG,KGZ,REF,1131
2012,AFG,KOR,ASY,66
2012,AFG,KOR,REF,30
2012,AFG,LBN,ASY,48
2012,AFG,LBN,REF,36
2012,AFG,LKA,REF,15
2012,AFG,LTU,ASY,16
2012,AFG,LTU,REF,224
2012,AFG,LVA,ASY,15
2012,AFG,LVA,REF,70
2012,AFG,MDA,REF,42
2012,AFG,MEX,ASY,6
2012,AFG,MKD,ASY,648
2012,AFG,MNG,ASY,15
2012,AFG,MYS,ASY,345
2012,AFG,MYS,REF,1047
2012,AFG,NLD,ASY,1473
2012,AFG,NLD,REF,6126
2012,AFG,NOR,ASY,1916
2012,AFG,NOR,REF,5984
2012,AFG,NRU,ASY,198
2012,AFG,NZL,ASY,16
2012,AFG,NZL,REF,29
2012,AFG,PAK,ASY,9660
2012,AFG,PAK,REF,4913220
2012,AFG,PHL,REF,15
2012,AFG,PNG,ASY,13
2012,AFG,POL,ASY,72
2012,AFG,POL,REF,72
2012,AFG,PRT,ASY,5
2012,AFG,PRT,REF,6
2012,AFG,ROU,REF,173
2012,AFG,RUS,ASY,348
2012,AFG,RUS,OOC,1092
2012,AFG,RUS,REF,1300
2012,AFG,SAU,ASY,21
2012,AFG,SRB,ASY,243
2012,AFG,SVK,REF,387
2012,AFG,SVN,ASY,54
2012,AFG,SVN,REF,54
2012,AFG,SWE,ASY,2353
2012,AFG,SWE,REF,8454
2012,AFG,SYR,ASY,576
2012,AFG,SYR,REF,5211
2012,AFG,THA,ASY,24
2012,AFG,TJK,ASY,4051
2012,AFG,TJK,REF,4445
2012,AFG,TKM,REF,57
2012,AFG,TUR,ASY,24276
2012,AFG,TUR,REF,10551
2012,AFG,UKR,ASY,4193
2012,AFG,UKR,REF,2960
2012,AFG,USA,ASY,130
2012,AFG,USA,REF,1017
2012,AFG,UZB,REF,519
2012,AFG,VEN,REF,15
2012,AFG,ZAF,REF,20
2012,IRN,AFG,ASY,36
2012,IRN,AFG,REF,111
2012,PAK,AFG,ASY,111
2012,PAK,AFG,REF,16217
2013,AFG,AFG,OOC,826458
2013,AFG,AUS,ASY,939
2013,AFG,AUS,REF,8368
2013,AFG,AUT,ASY,6248
2013,AFG,AUT,REF,11906
2013,AFG,AZE,ASY,216
2013,AFG,AZE,REF,1809
2013,AFG,BEL,ASY,580
2013,AFG,BEL,REF,5964
2013,AFG,BGR,ASY,1752
2013,AFG,BGR,REF,268
2013,AFG,BIH,ASY,18
2013,AFG,BLR,ASY,117
2013,AFG,BLR,REF,1215
2013,AFG,BRA,ASY,21
2013,AFG,BRA,REF,123
2013,AFG,CAN,ASY,1155
2013,AFG,CAN,REF,3482
2013,AFG,CHE,ASY,6418
2013,AFG,CHE,REF,7018
2013,AFG,CHL,REF,14
2013,AFG,CHN,REF,21
2013,AFG,CYP,ASY,23
2013,AFG,CYP,REF,7
2013,AFG,CZE,ASY,10
2013,AFG,CZE,REF,238
2013,AFG,DEU,ASY,48444
2013,AFG,DEU,REF,72609
2013,AFG,DNK,ASY,209
2013,AFG,DNK,REF,2139
2013,AFG,ECU,ASY,15
2013,AFG,ECU,REF,336
2013,AFG,EGY,ASY,87
2013,AFG,ESP,ASY,78
2013,AFG,ESP,REF,114
2013,AFG,EST,REF,45
2013,AFG,FIN,ASY,90
2013,AFG,FIN,REF,1357
2013,AFG,FJI,ASY,21
2013,AFG,FRA,ASY,601
2013,AFG,FRA,REF,6426
2013,AFG,GBR,ASY,1430
2013,AFG,GBR,REF,9166
2013,AFG,GEO,REF,15
2013,AFG,GRC,ASY,3393
2013,AFG,GRC,REF,632
2013,AFG,HKG,ASY,15
2013,AFG,HKG,REF,15
2013,AFG,HRV,ASY,33
2013,AFG,HRV,REF,60
2013,AFG,HUN,ASY,697
2013,AFG,HUN,REF,749
2013,AFG,IDN,ASY,8418
2013,AFG,IDN,REF,3384
2013,AFG,IND,ASY,3147
2013,AFG,IND,REF,30984
2013,AFG,IRL,ASY,173
2013,AFG,IRL,REF,387
2013,AFG,IRN,ASY,111
2013,AFG,IRN,REF,869777
2013,AFG,IRQ,ASY,369
2013,AFG,IRQ,REF,15
2013,AFG,ISL,ASY,15
2013,AFG,ISL,REF,6
2013,AFG,ITA,ASY,1024
2013,AFG,ITA,REF,6657
2013,AFG,JOR,ASY,36
2013,AFG,JOR,REF,21
2013,AFG,JPN,REF,68
2013,AFG,KAZ,ASY,96
2013,AFG,KAZ,REF,1611
2013,AFG,KEN,REF,15
2013,AFG,KGZ,ASY,441
2013,AFG,KGZ,REF,1215
2013,AFG,KOR,ASY,54
2013,AFG,KOR,REF,30
2013,AFG,LBN,ASY,42
2013,AFG,LBN,OOC,15
2013,AFG,LBN,REF,48
2013,AFG,LKA,ASY,69
2013,AFG,LTU,ASY,72
2013,AFG,LTU,REF,210
2013,AFG,LUX,ASY,7
2013,AFG,LUX,REF,27
2013,AFG,LVA,REF,70
2013,AFG,MDA,ASY,36
2013,AFG,MDA,REF,30
2013,AFG,MEX,ASY,6
2013,AFG,MKD,ASY,1083
2013,AFG,MYS,ASY,414
2013,AFG,MYS,REF,561
2013,AFG,NGA,REF,15
2013,AFG,NLD,REF,6269
2013,AFG,NOR,ASY,872
2013,AFG,NOR,REF,5523
2013,AFG,NPL,ASY,42
2013,AFG,NRU,ASY,72
2013,AFG,NZL,REF,32
2013,AFG,PAK,ASY,15969
2013,AFG,PAK,REF,4847628
2013,AFG,PAN,ASY,27
2013,AFG,PHL,REF,15
2013,AFG,PNG,ASY,51
2013,AFG,POL,ASY,49
2013,AFG,POL,REF,88
2013,AFG,PRT,REF,9
2013,AFG,ROU,ASY,38
2013,AFG,ROU,REF,129
2013,AFG,RUS,ASY,209
2013,AFG,RUS,OOC,247
2013,AFG,RUS,REF,1117
2013,AFG,SAU,ASY,21
2013,AFG,SRB,ASY,63
2013,AFG,SVK,OOC,79
2013,AFG,SVK,REF,225
2013,AFG,SVN,ASY,5
2013,AFG,SVN,REF,66
2013,AFG,SWE,ASY,1698
2013,AFG,SWE,REF,10499
2013,AFG,SYR,ASY,474
2013,AFG,SYR,REF,3423
2013,AFG,THA,ASY,30
2013,AFG,THA,REF,24
2013,AFG,TJK,ASY,2253
2013,AFG,TJK,REF,2210
2013,AFG,TKM,REF,57
2013,AFG,TUR,ASY,33560
2013,AFG,TUR,REF,11778
2013,AFG,UKR,ASY,3957
2013,AFG,UKR,REF,1494
2013,AFG,USA,ASY,238
2013,AFG,USA,REF,1071
2013,AFG,UZB,REF,404
2013,AFG,VEN,REF,15
2013,AFG,ZAF,REF,20
2013,IRN,AFG,ASY,48
2013,IRN,AFG,REF,108
2013,PAK,AFG,ASY,135
2013,PAK,AFG,REF,16893
2014,AFG,AFG,OOC,603852
2014,AFG,ARE,REF,15
2014,AFG,ARG,REF,15
2014,AFG,AUS,ASY,1347
2014,AFG,AUS,REF,7675
2014,AFG,AUT,REF,14793
2014,AFG,AZE,ASY,160
2014,AFG,AZE,REF,1854
2014,AFG,BEL,ASY,765
2014,AFG,BEL,REF,5038
2014,AFG,BGR,ASY,5266
2014,AFG,BGR,REF,212
2014,AFG,BIH,ASY,21
2014,AFG,BLR,ASY,60
2014,AFG,BLR,REF,1197
2014,AFG,BRA,ASY,54
2014,AFG,BRA,REF,156
2014,AFG,CAN,ASY,548
2014,AFG,CAN,REF,3496
2014,AFG,CHE,ASY,2509
2014,AFG,CHE,REF,11468
2014,AFG,CHL,REF,14
2014,AFG,CHN,REF,21
2014,AFG,CUB,ASY,18
2014,AFG,CUB,REF,15
2014,AFG,CYP,ASY,13
2014,AFG,CYP,REF,7
2014,AFG,CZE,ASY,7
2014,AFG,CZE,REF,228
2014,AFG,DEU,ASY,57069
2014,AFG,DEU,REF,83442
2014,AFG,DNK,ASY,144
2014,AFG,DNK,REF,2130
2014,AFG,DOM,ASY,15
2014,AFG,ECU,REF,112
2014,AFG,EGY,ASY,75
2014,AFG,ESP,ASY,131
2014,AFG,ESP,REF,144
2014,AFG,EST,REF,45
2014,AFG,FIN,ASY,133
2014,AFG,FIN,REF,1443
2014,AFG,FJI,REF,21
2014,AFG,FRA,ASY,424
2014,AFG,FRA,REF,7676
2014,AFG,GBR,ASY,1894
2014,AFG,GBR,REF,9054
2014,AFG,GEO,ASY,30
2014,AFG,GEO,REF,15
2014,AFG,GRC,ASY,774
2014,AFG,GRC,REF,1451
2014,AFG,HKG,ASY,15
2014,AFG,HKG,REF,15
2014,AFG,HRV,ASY,18
2014,AFG,HRV,REF,63
2014,AFG,HUN,ASY,2623
2014,AFG,HUN,REF,819
2014,AFG,IDN,ASY,12522
2014,AFG,IDN,REF,5043
2014,AFG,IND,ASY,3915
2014,AFG,IND,REF,31185
2014,AFG,IRL,ASY,129
2014,AFG,IRL,REF,158
2014,AFG,IRN,ASY,99
2014,AFG,IRN,REF,1008376
2014,AFG,IRQ,ASY,393
2014,AFG,IRQ,REF,15
2014,AFG,ISL,ASY,10
2014,AFG,ISL,REF,11
2014,AFG,ITA,ASY,1778
2014,AFG,ITA,REF,8991
2014,AFG,JOR,ASY,33
2014,AFG,JOR,REF,24
2014,AFG,JPN,ASY,14
2014,AFG,JPN,REF,68
2014,AFG,KAZ,ASY,72
2014,AFG,KAZ,REF,1734
2014,AFG,KEN,REF,15
2014,AFG,KGZ,ASY,399
2014,AFG,KGZ,REF,1158
2014,AFG,KOR,ASY,99
2014,AFG,KOR,REF,48
2014,AFG,LBN,ASY,57
2014,AFG,LBN,REF,57
2014,AFG,LKA,ASY,264
2014,AFG,LKA,REF,102
2014,AFG,LTU,ASY,138
2014,AFG,LTU,REF,242
2014,AFG,LUX,ASY,34
2014,AFG,LUX,REF,70
2014,AFG,LVA,ASY,36
2014,AFG,LVA,REF,84
2014,AFG,MDA,ASY,15
2014,AFG,MDA,REF,54
2014,AFG,MEX,ASY,6
2014,AFG,MKD,ASY,1674
2014,AFG,MYS,ASY,636
2014,AFG,MYS,REF,552
2014,AFG,NGA,REF,15
2014,AFG,NLD,ASY,299
2014,AFG,NLD,REF,6244
2014,AFG,NOR,ASY,552
2014,AFG,NOR,REF,5454
2014,AFG,NPL,ASY,153
2014,AFG,NPL,REF,48
2014,AFG,NRU,ASY,52
2014,AFG,NRU,REF,29
2014,AFG,NZL,REF,36
2014,AFG,PAK,ASY,16380
2014,AFG,PAK,REF,4514736
2014,AFG,PAN,ASY,24
2014,AFG,PHL,REF,15
2014,AFG,PNG,ASY,69
2014,AFG,PNG,REF,27
2014,AFG,POL,ASY,5
2014,AFG,POL,REF,93
2014,AFG,PRT,REF,10
2014,AFG,ROU,ASY,78
2014,AFG,ROU,REF,360
2014,AFG,RUS,ASY,195
2014,AFG,RUS,REF,1104
2014,AFG,RWA,REF,18
2014,AFG,SAU,ASY,21
2014,AFG,SEN,ASY,27
2014,AFG,SRB,ASY,174
2014,AFG,SVK,REF,278
2014,AFG,SVN,ASY,33
2014,AFG,SVN,REF,69
2014,AFG,SWE,ASY,2263
2014,AFG,SWE,REF,12090
2014,AFG,SYR,ASY,753
2014,AFG,SYR,REF,3642
2014,AFG,THA,ASY,135
2014,AFG,THA,REF,24
2014,AFG,TJK,ASY,133
2014,AFG,TJK,OOC,77
2014,AFG,TJK,REF,2693
2014,AFG,TKM,REF,57
2014,AFG,TUR,ASY,91196
2014,AFG,TUR,REF,12564
2014,AFG,UKR,ASY,4794
2014,AFG,UKR,REF,1544
2014,AFG,USA,ASY,412
2014,AFG,USA,REF,1210
2014,AFG,UZB,REF,369
2014,AFG,VEN,REF,15
2014,AFG,ZAF,ASY,5
2014,AFG,ZAF,REF,20
2014,IRN,AFG,ASY,63
2014,IRN,AFG,REF,108
2014,PAK,AFG,ASY,99
2014,PAK,AFG,REF,860843
2014,TJK,AFG,ASY,15
2015,AFG,AFG,OOC,450951
2015,AFG,ARG,REF,15
2015,AFG,AUS,ASY,1422
2015,AFG,AUS,REF,7785
2015,AFG,AUT,ASY,24267
2015,AFG,AUT,REF,17458
2015,AFG,AZE,ASY,156
2015,AFG,AZE,REF,1806
2015,AFG,BEL,ASY,1643
2015,AFG,BEL,REF,5868
2015,AFG,BGR,ASY,6482
2015,AFG,BGR,REF,197
2015,AFG,BLR,ASY,15
2015,AFG,BLR,REF,1209
2015,AFG,BRA,ASY,129
2015,AFG,BRA,REF,228
2015,AFG,CAN,ASY,1090
2015,AFG,CAN,REF,2890
2015,AFG,CHE,ASY,21729
2015,AFG,CHE,REF,12877
2015,AFG,CHL,REF,14
2015,AFG,CHN,REF,21
2015,AFG,COL,ASY,15
2015,AFG,COL,REF,15
2015,AFG,CUB,ASY,69
2015,AFG,CUB,REF,42
2015,AFG,CYP,ASY,14
2015,AFG,CYP,REF,7
2015,AFG,CZE,ASY,6
2015,AFG,CZE,REF,234
2015,AFG,DEU,ASY,127806
2015,AFG,DEU,REF,90078
2015,AFG,DNK,ASY,217
2015,AFG,DNK,REF,2166
2015,AFG,DOM,REF,15
2015,AFG,ECU,REF,310
2015,AFG,EGY,ASY,99
2015,AFG,ESP,ASY,115
2015,AFG,ESP,REF,194
2015,AFG,EST,ASY,15
2015,AFG,EST,REF,36
2015,AFG,FIN,ASY,3217
2015,AFG,FIN,REF,1406
2015,AFG,FJI,REF,21
2015,AFG,FRA,ASY,2110
2015,AFG,FRA,REF,8794
2015,AFG,GBR,ASY,2536
2015,AFG,GBR,REF,9354
2015,AFG,GEO,ASY,18
2015,AFG,GEO,REF,15
2015,AFG,GRC,ASY,587
2015,AFG,GRC,REF,5223
2015,AFG,HKG,ASY,24
2015,AFG,HRV,REF,66
2015,AFG,HUN,ASY,8653
2015,AFG,HUN,REF,961
2015,AFG,IDN,ASY,11346
2015,AFG,IDN,REF,8670
2015,AFG,IND,ASY,8184
2015,AFG,IND,REF,30588
2015,AFG,IRL,ASY,486
2015,AFG,IRL,REF,546
2015,AFG,IRN,ASY,99
2015,AFG,IRN,REF,1007066
2015,AFG,IRQ,ASY,399
2015,AFG,IRQ,REF,27
2015,AFG,ISL,ASY,21
2015,AFG,ISL,REF,12
2015,AFG,ITA,ASY,2690
2015,AFG,ITA,REF,12203
2015,AFG,JOR,ASY,27
2015,AFG,JOR,REF,24
2015,AFG,JPN,ASY,14
2015,AFG,JPN,REF,40
2015,AFG,KAZ,ASY,147
2015,AFG,KAZ,REF,1932
2015,AFG,KEN,REF,15
2015,AFG,KGZ,ASY,354
2015,AFG,KGZ,REF,774
2015,AFG,KOR,ASY,60
2015,AFG,KOR,REF,96
2015,AFG,LBN,ASY,39
2015,AFG,LBN,REF,60
2015,AFG,LIE,ASY,7
2015,AFG,LKA,ASY,321
2015,AFG,LKA,REF,372
2015,AFG,LTU,ASY,15
2015,AFG,LTU,REF,319
2015,AFG,LUX,ASY,442
2015,AFG,LUX,REF,74
2015,AFG,LVA,ASY,33
2015,AFG,LVA,REF,36
2015,AFG,MDA,ASY,27
2015,AFG,MDA,REF,51
2015,AFG,MEX,ASY,6
2015,AFG,MNG,REF,15
2015,AFG,MYS,ASY,1008
2015,AFG,MYS,REF,519
2015,AFG,NGA,REF,15
2015,AFG,NLD,ASY,2360
2015,AFG,NLD,REF,5803
2015,AFG,NOR,ASY,6076
2015,AFG,NOR,REF,5684
2015,AFG,NPL,REF,207
2015,AFG,NRU,ASY,7
2015,AFG,NRU,REF,41
2015,AFG,NZL,ASY,7
2015,AFG,NZL,REF,38
2015,AFG,PAK,ASY,19074
2015,AFG,PAK,REF,4681776
2015,AFG,PAN,ASY,24
2015,AFG,PHL,REF,15
2015,AFG,PNG,ASY,7
2015,AFG,PNG,REF,27
2015,AFG,POL,ASY,9
2015,AFG,POL,REF,93
2015,AFG,PRT,REF,11
2015,AFG,ROU,ASY,82
2015,AFG,ROU,REF,423
2015,AFG,RUS,ASY,291
2015,AFG,RUS,REF,945
2015,AFG,SDN,REF,18
2015,AFG,SEN,ASY,27
2015,AFG,SRB,ASY,105
2015,AFG,SVK,REF,279
2015,AFG,SVN,ASY,48
2015,AFG,SVN,REF,66
2015,AFG,SWE,ASY,40614
2015,AFG,SWE,REF,13064
2015,AFG,SYR,ASY,822
2015,AFG,SYR,REF,3639
2015,AFG,THA,ASY,144
2015,AFG,THA,REF,48
2015,AFG,TJK,ASY,572
2015,AFG,TJK,OOC,104
2015,AFG,TJK,REF,3900
2015,AFG,TKM,REF,54
2015,AFG,TUR,ASY,270468
2015,AFG,TUR,REF,11538
2015,AFG,UKR,ASY,2821
2015,AFG,UKR,REF,3040
2015,AFG,USA,ASY,609
2015,AFG,USA,REF,1361
2015,AFG,UZB,REF,318
2015,AFG,VEN,REF,15
2015,AFG,ZAF,ASY,5
2015,AFG,ZAF,REF,10
2015,IRN,AFG,ASY,60
2015,IRN,AFG,REF,90
2015,PAK,AFG,ASY,153
2015,PAK,AFG,REF,731599
2015,TJK,AFG,ASY,21
2016,AFG,AFG,OOC,342663
2016,AFG,ARE,ASY,54
2016,AFG,ARG,REF,15
2016,AFG,AUS,ASY,2077
2016,AFG,AUS,REF,9217
2016,AFG,AUT,ASY,29783
2016,AFG,AUT,REF,20220
2016,AFG,AZE,ASY,193
2016,AFG,AZE,REF,1686
2016,AFG,BEL,ASY,6457
2016,AFG,BEL,REF,6402
2016,AFG,BGR,ASY,7636
2016,AFG,BGR,REF,170
2016,AFG,BIH,ASY,15
2016,AFG,BLR,ASY,18
2016,AFG,BLR,REF,681
2016,AFG,BRA,ASY,68
2016,AFG,BRA,REF,294
2016,AFG,CAN,ASY,934
2016,AFG,CAN,REF,4377
2016,AFG,CHE,ASY,23283
2016,AFG,CHE,REF,15808
2016,AFG,CHL,REF,13
2016,AFG,CHN,ASY,60
2016,AFG,CHN,REF,15
2016,AFG,COL,REF,24
2016,AFG,CUB,REF,135
2016,AFG,CYP,ASY,7
2016,AFG,CYP,REF,7
2016,AFG,CZE,ASY,16
2016,AFG,CZE,REF,234
2016,AFG,DEU,ASY,379566
2016,AFG,DEU,REF,138876
2016,AFG,DNK,ASY,3000
2016,AFG,DNK,REF,2364
2016,AFG,DOM,REF,15
2016,AFG,EGY,ASY,63
2016,AFG,EGY,REF,42
2016,AFG,ESP,ASY,115
2016,AFG,ESP,REF,235
2016,AFG,EST,REF,23
2016,AFG,FIN,ASY,986
2016,AFG,FIN,REF,2216
2016,AFG,FJI,REF,21
2016,AFG,FRA,ASY,4180
2016,AFG,FRA,REF,15370
2016,AFG,GBR,ASY,2793
2016,AFG,GBR,REF,9752
2016,AFG,GEO,ASY,27
2016,AFG,GEO,REF,15
2016,AFG,GRC,ASY,4217
2016,AFG,GRC,REF,11440
2016,AFG,HRV,ASY,420
2016,AFG,HRV,REF,117
2016,AFG,HUN,ASY,1392
2016,AFG,HUN,REF,1008
2016,AFG,IDN,ASY,8325
2016,AFG,IDN,REF,13137
2016,AFG,IND,ASY,12765
2016,AFG,IND,REF,23079
2016,AFG,IRL,ASY,348
2016,AFG,IRL,REF,666
2016,AFG,IRN,ASY,21
2016,AFG,IRN,REF,1007066
2016,AFG,IRQ,ASY,304
2016,AFG,IRQ,REF,33
2016,AFG,ISL,ASY,11
2016,AFG,ISL,REF,18
2016,AFG,ITA,ASY,1926
2016,AFG,ITA,REF,16033
2016,AFG,JOR,ASY,27
2016,AFG,JOR,REF,24
2016,AFG,JPN,REF,49
2016,AFG,KAZ,ASY,237
2016,AFG,KAZ,REF,1797
2016,AFG,KEN,REF,24
2016,AFG,KGZ,ASY,216
2016,AFG,KGZ,REF,726
2016,AFG,KOR,ASY,24
2016,AFG,KOR,REF,99
2016,AFG,LBN,ASY,18
2016,AFG,LBN,REF,66
2016,AFG,LIE,ASY,7
2016,AFG,LKA,ASY,339
2016,AFG,LKA,REF,225
2016,AFG,LTU,ASY,24
2016,AFG,LTU,REF,205
2016,AFG,LUX,ASY,460
2016,AFG,LUX,REF,86
2016,AFG,LVA,ASY,10
2016,AFG,LVA,REF,44
2016,AFG,MDA,ASY,21
2016,AFG,MDA,REF,57
2016,AFG,MDG,ASY,15
2016,AFG,MEX,ASY,6
2016,AFG,MKD,REF,15
2016,AFG,MLT,ASY,7
2016,AFG,MNE,ASY,63
2016,AFG,MNG,REF,15
2016,AFG,MRT,ASY,21
2016,AFG,MYS,ASY,1362
2016,AFG,MYS,REF,756
2016,AFG,NGA,REF,15
2016,AFG,NLD,ASY,1672
2016,AFG,NLD,REF,5791
2016,AFG,NOR,ASY,2452
2016,AFG,NOR,REF,6568
2016,AFG,NPL,REF,177
2016,AFG,NRU,ASY,7
2016,AFG,NRU,REF,41
2016,AFG,NZL,ASY,5
2016,AFG,NZL,REF,41
2016,AFG,PAK,ASY,13341
2016,AFG,PAK,REF,4056480
2016,AFG,PAN,ASY,24
2016,AFG,PHL,REF,36
2016,AFG,PNG,REF,28
2016,AFG,POL,ASY,8
2016,AFG,POL,REF,92
2016,AFG,PRT,ASY,11
2016,AFG,PRT,REF,14
2016,AFG,ROU,REF,387
2016,AFG,RUS,ASY,226
2016,AFG,RUS,REF,709
2016,AFG,SDN,REF,18
2016,AFG,SEN,REF,24
2016,AFG,SRB,ASY,210
2016,AFG,SRB,REF,3461
2016,AFG,SVK,REF,287
2016,AFG,SVN,ASY,279
2016,AFG,SVN,REF,108
2016,AFG,SWE,ASY,34217
2016,AFG,SWE,REF,16558
2016,AFG,SYR,ASY,840
2016,AFG,SYR,REF,3558
2016,AFG,THA,ASY,51
2016,AFG,THA,REF,162
2016,AFG,TJK,ASY,431
2016,AFG,TJK,REF,2711
2016,AFG,TKM,REF,57
2016,AFG,TUR,ASY,344079
2016,AFG,TUR,REF,10269
2016,AFG,UKR,ASY,2909
2016,AFG,UKR,REF,2994
2016,AFG,USA,ASY,784
2016,AFG,USA,REF,1466
2016,AFG,UZB,REF,78
2016,AFG,VEN,REF,30
2016,AFG,ZAF,REF,6
2016,IRN,AFG,ASY,48
2016,IRN,AFG,REF,99
2016,PAK,AFG,ASY,297
2016,PAK,AFG,REF,179211
2016,TJK,AFG,ASY,24
2017,AFG,AFG,OOC,1344096
2017,AFG,ARE,ASY,42
2017,AFG,ARE,REF,15
2017,AFG,ARG,ASY,27
2017,AFG,ARG,REF,15
2017,AFG,ARM,ASY,15
2017,AFG,AUS,ASY,1795
2017,AFG,AUS,REF,10922
2017,AFG,AUT,ASY,24233
2017,AFG,AUT,REF,26939
2017,AFG,AZE,ASY,140
2017,AFG,AZE,REF,1761
2017,AFG,BEL,ASY,3915
2017,AFG,BEL,REF,3201
2017,AFG,BGR,ASY,752
2017,AFG,BGR,REF,169
2017,AFG,BIH,ASY,27
2017,AFG,BLR,REF,209
2017,AFG,BRA,ASY,165
2017,AFG,BRA,REF,99
2017,AFG,CAN,ASY,717
2017,AFG,CAN,REF,3356
2017,AFG,CHE,ASY,16860
2017,AFG,CHE,REF,22870
2017,AFG,CHL,ASY,12
2017,AFG,CHL,REF,13
2017,AFG,CHN,ASY,54
2017,AFG,CHN,REF,24
2017,AFG,COL,REF,24
2017,AFG,CUB,REF,135
2017,AFG,CYP,ASY,5
2017,AFG,CYP,REF,12
2017,AFG,CZE,ASY,5
2017,AFG,CZE,REF,234
2017,AFG,DEU,ASY,261963
2017,AFG,DEU,REF,313155
2017,AFG,DNK,ASY,769
2017,AFG,DNK,REF,2668
2017,AFG,DOM,ASY,21
2017,AFG,DOM,REF,15
2017,AFG,ECU,ASY,189
2017,AFG,ECU,REF,282
2017,AFG,EGY,ASY,66
2017,AFG,EGY,REF,51
2017,AFG,ESP,ASY,148
2017,AFG,ESP,REF,287
2017,AFG,EST,REF,23
2017,AFG,FIN,ASY,640
2017,AFG,FIN,REF,2571
2017,AFG,FJI,ASY,15
2017,AFG,FJI,REF,21
2017,AFG,FRA,ASY,4314
2017,AFG,FRA,REF,26850
2017,AFG,GBR,ASY,2347
2017,AFG,GBR,REF,9858
2017,AFG,GEO,ASY,48
2017,AFG,GEO,REF,15
2017,AFG,GRC,ASY,6922
2017,AFG,GRC,REF,4751
2017,AFG,HRV,ASY,279
2017,AFG,HRV,REF,135
2017,AFG,HUN,ASY,241
2017,AFG,HUN,REF,1412
2017,AFG,IDN,ASY,6246
2017,AFG,IDN,REF,16431
2017,AFG,IND,ASY,17229
2017,AFG,IND,REF,23274
2017,AFG,IRL,ASY,540
2017,AFG,IRL,REF,690
2017,AFG,IRN,REF,1007102
2017,AFG,IRQ,ASY,321
2017,AFG,IRQ,REF,33
2017,AFG,ISL,ASY,10
2017,AFG,ISL,REF,44
2017,AFG,ITA,ASY,322
2017,AFG,ITA,REF,17171
2017,AFG,JOR,ASY,27
2017,AFG,JOR,REF,24
2017,AFG,JPN,REF,51
2017,AFG,KAZ,ASY,492
2017,AFG,KAZ,REF,1683
2017,AFG,KEN,ASY,15
2017,AFG,KEN,REF,24
2017,AFG,KGZ,ASY,138
2017,AFG,KGZ,REF,708
2017,AFG,KOR,ASY,21
2017,AFG,KOR,REF,111
2017,AFG,LBN,ASY,18
2017,AFG,LBN,REF,66
2017,AFG,LBY,ASY,33
2017,AFG,LIE,REF,5
2017,AFG,LKA,ASY,174
2017,AFG,LKA,REF,399
2017,AFG,LTU,ASY,9
2017,AFG,LTU,REF,212
2017,AFG,LUX,ASY,70
2017,AFG,LUX,REF,43
2017,AFG,LVA,ASY,8
2017,AFG,LVA,REF,58
2017,AFG,MAR,REF,15
2017,AFG,MDA,ASY,21
2017,AFG,MDA,REF,54
2017,AFG,MDG,REF,15
2017,AFG,MEX,ASY,6
2017,AFG,MKD,REF,15
2017,AFG,MLT,ASY,6
2017,AFG,MNG,REF,15
2017,AFG,MRT,ASY,21
2017,AFG,MYS,ASY,2394
2017,AFG,MYS,REF,1167
2017,AFG,NGA,REF,15
2017,AFG,NLD,ASY,826
2017,AFG,NLD,REF,6205
2017,AFG,NOR,ASY,616
2017,AFG,NOR,REF,6490
2017,AFG,NPL,REF,171
2017,AFG,NRU,REF,81
2017,AFG,NZL,ASY,20
2017,AFG,NZL,REF,42
2017,AFG,PAK,ASY,9723
2017,AFG,PAK,REF,4177830
2017,AFG,PAN,ASY,18
2017,AFG,PAN,REF,15
2017,AFG,PHL,ASY,15
2017,AFG,PHL,REF,39
2017,AFG,PNG,REF,117
2017,AFG,POL,ASY,7
2017,AFG,POL,REF,99
2017,AFG,PRT,REF,18
2017,AFG,ROU,ASY,222
2017,AFG,ROU,REF,456
2017,AFG,RUS,ASY,167
2017,AFG,RUS,REF,661
2017,AFG,SDN,OOC,24
2017,AFG,SRB,ASY,49
2017,AFG,SRB,REF,2196
2017,AFG,SVK,REF,246
2017,AFG,SVN,ASY,123
2017,AFG,SVN,REF,123
2017,AFG,SWE,ASY,17812
2017,AFG,SWE,REF,25645
2017,AFG,SYR,ASY,96
2017,AFG,SYR,REF,3663
2017,AFG,THA,ASY,15
2017,AFG,THA,REF,264
2017,AFG,TJK,ASY,880
2017,AFG,TJK,REF,5032
2017,AFG,TKM,REF,42
2017,AFG,TUR,ASY,473430
2017,AFG,TUR,REF,16809
2017,AFG,UKR,ASY,2808
2017,AFG,UKR,REF,2820
2017,AFG,USA,ASY,810
2017,AFG,USA,REF,1564
2017,AFG,UZB,REF,60
2017,AFG,VEN,REF,10
2017,IRN,AFG,ASY,15
2017,IRN,AFG,REF,102
2017,PAK,AFG,ASY,303
2017,PAK,AFG,REF,227679
2017,TJK,AFG,ASY,21
2017,TUR,AFG,ASY,306
2018,AFG,AFG,OOC,1469562
2018,AFG,ARE,ASY,60
2018,AFG,ARE,REF,15
2018,AFG,ARG,ASY,24
2018,AFG,ARG,REF,15
2018,AFG,ARM,ASY,48
2018,AFG,AUS,ASY,1600
2018,AFG,AUS,REF,11932
2018,AFG,AUT,ASY,16093
2018,AFG,AUT,REF,33103
2018,AFG,AZE,ASY,100
2018,AFG,AZE,REF,1908
2018,AFG,BEL,ASY,2105
2018,AFG,BEL,REF,3201
2018,AFG,BGR,ASY,584
2018,AFG,BGR,REF,205
2018,AFG,BIH,ASY,738
2018,AFG,BLR,ASY,93
2018,AFG,BLR,REF,208
2018,AFG,BRA,ASY,178
2018,AFG,BRA,REF,121
2018,AFG,CAN,ASY,769
2018,AFG,CAN,REF,10809
2018,AFG,CHE,ASY,5379
2018,AFG,CHE,REF,34617
2018,AFG,CHL,ASY,13
2018,AFG,CHL,REF,13
2018,AFG,CHN,ASY,23
2018,AFG,CHN,REF,9
2018,AFG,COL,REF,27
2018,AFG,CUB,REF,126
2018,AFG,CYP,ASY,5
2018,AFG,CYP,REF,14
2018,AFG,CZE,ASY,16
2018,AFG,CZE,REF,46
2018,AFG,DEU,ASY,197514
2018,AFG,DEU,REF,378054
2018,AFG,DNK,ASY,284
2018,AFG,DNK,REF,2750
2018,AFG,DOM,ASY,15
2018,AFG,ECU,ASY,9
2018,AFG,ECU,REF,249
2018,AFG,EGY,ASY,69
2018,AFG,EGY,REF,60
2018,AFG,ESP,ASY,195
2018,AFG,ESP,REF,338
2018,AFG,EST,REF,8
2018,AFG,FIN,ASY,374
2018,AFG,FIN,REF,2944
2018,AFG,FJI,ASY,21
2018,AFG,FRA,ASY,8085
2018,AFG,FRA,REF,37068
2018,AFG,GBR,ASY,2438
2018,AFG,GBR,REF,9839
2018,AFG,GEO,ASY,111
2018,AFG,GEO,REF,15
2018,AFG,GRC,ASY,13533
2018,AFG,GRC,REF,9291
2018,AFG,HRV,ASY,63
2018,AFG,HRV,REF,159
2018,AFG,HUN,ASY,68
2018,AFG,HUN,REF,1552
2018,AFG,IDN,ASY,4905
2018,AFG,IDN,REF,18294
2018,AFG,IND,ASY,23592
2018,AFG,IND,REF,20952
2018,AFG,IRL,ASY,444
2018,AFG,IRL,REF,867
2018,AFG,IRN,REF,1008914
2018,AFG,IRQ,ASY,198
2018,AFG,IRQ,REF,36
2018,AFG,ISL,ASY,29
2018,AFG,ISL,REF,58
2018,AFG,ITA,ASY,825
2018,AFG,ITA,REF,16941
2018,AFG,JOR,ASY,30
2018,AFG,JOR,REF,24
2018,AFG,JPN,REF,55
2018,AFG,KAZ,ASY,492
2018,AFG,KAZ,REF,1614
2018,AFG,KEN,ASY,30
2018,AFG,KEN,REF,24
2018,AFG,KGZ,ASY,102
2018,AFG,KGZ,REF,669
2018,AFG,KOR,ASY,81
2018,AFG,KOR,REF,114
2018,AFG,LBN,ASY,18
2018,AFG,LBN,REF,51
2018,AFG,LBY,ASY,33
2018,AFG,LIE,REF,5
2018,AFG,LKA,ASY,102
2018,AFG,LKA,REF,438
2018,AFG,LTU,ASY,20
2018,AFG,LTU,REF,222
2018,AFG,LUX,ASY,115
2018,AFG,LUX,REF,43
2018,AFG,LVA,REF,67
2018,AFG,MAR,ASY,15
2018,AFG,MAR,REF,15
2018,AFG,MDA,ASY,18
2018,AFG,MDA,REF,54
2018,AFG,MDG,REF,15
2018,AFG,MKD,REF,15
2018,AFG,MLT,ASY,5
2018,AFG,MNG,REF,15
2018,AFG,MRT,ASY,24
2018,AFG,MYS,ASY,3210
2018,AFG,MYS,REF,1941
2018,AFG,NGA,REF,15
2018,AFG,NLD,ASY,538
2018,AFG,NLD,REF,6267
2018,AFG,NOR,ASY,193
2018,AFG,NOR,REF,6065
2018,AFG,NPL,REF,165
2018,AFG,NRU,ASY,5
2018,AFG,NRU,REF,81
2018,AFG,NZL,ASY,5
2018,AFG,NZL,REF,47
2018,AFG,PAK,ASY,15036
2018,AFG,PAK,REF,4210563
2018,AFG,PAN,ASY,6
2018,AFG,PAN,REF,5
2018,AFG,PHL,ASY,18
2018,AFG,PHL,REF,42
2018,AFG,PNG,ASY,7
2018,AFG,PNG,REF,118
2018,AFG,POL,ASY,15
2018,AFG,POL,REF,110
2018,AFG,PRT,ASY,5
2018,AFG,PRT,REF,16
2018,AFG,ROU,ASY,74
2018,AFG,ROU,REF,465
2018,AFG,RUS,ASY,226
2018,AFG,RUS,REF,789
2018,AFG,SDN,OOC,5
2018,AFG,SDN,REF,6
2018,AFG,SEN,ASY,27
2018,AFG,SRB,ASY,18
2018,AFG,SRB,REF,1726
2018,AFG,SVK,REF,260
2018,AFG,SVN,ASY,29
2018,AFG,SVN,REF,130
2018,AFG,SWE,ASY,8614
2018,AFG,SWE,REF,28204
2018,AFG,SYR,ASY,30
2018,AFG,SYR,REF,3687
2018,AFG,THA,ASY,33
2018,AFG,THA,REF,408
2018,AFG,TJK,ASY,315
2018,AFG,TJK,REF,2649
2018,AFG,TKM,REF,42
2018,AFG,TUR,ASY,494739
2018,AFG,TUR,REF,19818
2018,AFG,UKR,ASY,8715
2018,AFG,UKR,REF,1013
2018,AFG,USA,ASY,765
2018,AFG,USA,REF,1599
2018,AFG,UZB,REF,39
2018,AFG,VEN,REF,30
2018,BGD,AFG,ASY,5
2018,IRN,AFG,ASY,27
2018,IRN,AFG,REF,102
2018,PAK,AFG,ASY,363
2018,PAK,AFG,REF,216582
2018,TJK,AFG,ASY,21
2018,TUR,AFG,ASY,417
2019,AFG,AFG,OOC,1341279
2019,AFG,ARE,ASY,75
2019,AFG,ARE,REF,15
2019,AFG,ARG,REF,36
2019,AFG,ARM,REF,15
2019,AFG,AUS,ASY,1710
2019,AFG,AUS,REF,11585
2019,AFG,AUT,ASY,20652
2019,AFG,AUT,REF,37276
2019,AFG,AZE,ASY,282
2019,AFG,AZE,REF,1881
2019,AFG,BEL,ASY,1035
2019,AFG,BEL,REF,5070
2019,AFG,BGR,ASY,300
2019,AFG,BGR,REF,243
2019,AFG,BIH,ASY,402
2019,AFG,BIH,OOC,1804
2019,AFG,BLR,ASY,39
2019,AFG,BLR,REF,213
2019,AFG,BRA,ASY,185
2019,AFG,BRA,REF,132
2019,AFG,CAN,ASY,620
2019,AFG,CAN,REF,2447
2019,AFG,CHE,ASY,3456
2019,AFG,CHE,REF,35151
2019,AFG,CHL,ASY,25
2019,AFG,CHL,REF,13
2019,AFG,CHN,ASY,63
2019,AFG,CHN,REF,63
2019,AFG,COL,REF,27
2019,AFG,CUB,REF,108
2019,AFG,CYP,ASY,5
2019,AFG,CYP,REF,14
2019,AFG,CZE,ASY,14
2019,AFG,CZE,REF,45
2019,AFG,DEU,ASY,142029
2019,AFG,DEU,REF,421098
2019,AFG,DNK,ASY,79
2019,AFG,DNK,REF,2620
2019,AFG,DOM,ASY,27
2019,AFG,ECU,ASY,5
2019,AFG,ECU,REF,150
2019,AFG,EGY,ASY,108
2019,AFG,EGY,REF,84
2019,AFG,ESP,ASY,540
2019,AFG,ESP,REF,395
2019,AFG,EST,REF,9
2019,AFG,FIN,ASY,2440
2019,AFG,FIN,REF,3238
2019,AFG,FJI,ASY,15
2019,AFG,FJI,REF,15
2019,AFG,FRA,ASY,11055
2019,AFG,FRA,REF,48586
2019,AFG,GBR,ASY,5780
2019,AFG,GBR,REF,9513
2019,AFG,GEO,ASY,54
2019,AFG,GEO,REF,33
2019,AFG,GRC,ASY,55216
2019,AFG,GRC,REF,17685
2019,AFG,HKG,REF,15
2019,AFG,HRV,ASY,324
2019,AFG,HRV,OOC,39
2019,AFG,HRV,REF,159
2019,AFG,HUN,ASY,184
2019,AFG,HUN,REF,1487
2019,AFG,IDN,ASY,5478
2019,AFG,IDN,REF,17598
2019,AFG,IND,ASY,24657
2019,AFG,IND,REF,22410
2019,AFG,IRL,ASY,381
2019,AFG,IRL,REF,1098
2019,AFG,IRN,REF,951142
2019,AFG,IRQ,ASY,168
2019,AFG,IRQ,REF,33
2019,AFG,ISL,ASY,19
2019,AFG,ISL,REF,86
2019,AFG,ITA,ASY,840
2019,AFG,ITA,REF,17849
2019,AFG,JOR,ASY,33
2019,AFG,JOR,REF,24
2019,AFG,JPN,REF,68
2019,AFG,KAZ,ASY,543
2019,AFG,KAZ,REF,1473
2019,AFG,KEN,ASY,27
2019,AFG,KEN,REF,30
2019,AFG,KGZ,ASY,312
2019,AFG,KGZ,REF,681
2019,AFG,KOR,ASY,49
2019,AFG,KOR,REF,41
2019,AFG,KWT,ASY,51
2019,AFG,LBN,ASY,18
2019,AFG,LBN,REF,54
2019,AFG,LBY,ASY,33
2019,AFG,LIE,REF,15
2019,AFG,LKA,ASY,135
2019,AFG,LKA,REF,480
2019,AFG,LTU,ASY,5
2019,AFG,LTU,REF,236
2019,AFG,LUX,ASY,170
2019,AFG,LUX,REF,97
2019,AFG,LVA,REF,66
2019,AFG,MAR,ASY,18
2019,AFG,MAR,REF,15
2019,AFG,MDA,REF,72
2019,AFG,MDG,ASY,30
2019,AFG,MDG,REF,30
2019,AFG,MKD,ASY,45
2019,AFG,MKD,REF,15
2019,AFG,MLT,ASY,5
2019,AFG,MNE,ASY,150
2019,AFG,MYS,ASY,3378
2019,AFG,MYS,REF,4056
2019,AFG,NGA,REF,15
2019,AFG,NLD,ASY,1086
2019,AFG,NLD,REF,5815
2019,AFG,NOR,ASY,81
2019,AFG,NOR,REF,5108
2019,AFG,NPL,REF,153
2019,AFG,NRU,ASY,15
2019,AFG,NRU,REF,75
2019,AFG,NZL,ASY,31
2019,AFG,NZL,REF,46
2019,AFG,PAK,ASY,25218
2019,AFG,PAK,REF,4257252
2019,AFG,PAN,ASY,6
2019,AFG,PAN,REF,5
2019,AFG,PHL,ASY,18
2019,AFG,PHL,REF,42
2019,AFG,PNG,ASY,15
2019,AFG,PNG,REF,129
2019,AFG,POL,ASY,16
2019,AFG,POL,REF,121
2019,AFG,PRT,ASY,10
2019,AFG,PRT,REF,20
2019,AFG,ROU,ASY,134
2019,AFG,ROU,REF,444
2019,AFG,RUS,ASY,268
2019,AFG,RUS,REF,795
2019,AFG,SDN,OOC,5
2019,AFG,SEN,ASY,15
2019,AFG,SRB,ASY,10
2019,AFG,SRB,OOC,2662
2019,AFG,SRB,REF,19
2019,AFG,SVK,REF,276
2019,AFG,SVN,ASY,46
2019,AFG,SVN,REF,51
2019,AFG,SWE,ASY,6030
2019,AFG,SWE,REF,30546
2019,AFG,SYR,ASY,96
2019,AFG,SYR,REF,3330
2019,AFG,THA,ASY,54
2019,AFG,THA,REF,402
2019,AFG,TJK,ASY,1413
2019,AFG,TJK,REF,4083
2019,AFG,TKM,REF,42
2019,AFG,TUR,ASY,349209
2019,AFG,TUR,REF,1192
2019,AFG,UKR,ASY,1923
2019,AFG,UKR,REF,1640
2019,AFG,URY,ASY,15
2019,AFG,USA,ASY,727
2019,AFG,USA,REF,1629
2019,AFG,UZB,REF,39
2019,AFG,VEN,REF,30
2019,AFG,ZAF,ASY,24
2019,BEN,AFG,ASY,15
2019,IRN,AFG,ASY,75
2019,IRN,AFG,REF,108
2019,PAK,AFG,ASY,414
2019,PAK,AFG,REF,216573
2019,TUR,AFG,ASY,237
2020,AFG,AFG,OOC,247785
2020,AFG,ALB,OOC,15
2020,AFG,ARE,ASY,75
2020,AFG,ARE,REF,15
2020,AFG,ARG,REF,36
2020,AFG,ARM,REF,15
2020,AFG,AUS,ASY,1761
2020,AFG,AUS,REF,10659
2020,AFG,AUT,ASY,12946
2020,AFG,AUT,REF,40096
2020,AFG,AZE,ASY,72
2020,AFG,AZE,REF,3261
2020,AFG,BEL,ASY,8430
2020,AFG,BEL,REF,9378
2020,AFG,BGR,ASY,1884
2020,AFG,BGR,REF,244
2020,AFG,BIH,ASY,99
2020,AFG,BIH,OOC,3684
2020,AFG,BLR,REF,222
2020,AFG,BRA,ASY,173
2020,AFG,BRA,REF,143
2020,AFG,CAN,ASY,1367
2020,AFG,CAN,REF,2632
2020,AFG,CHE,ASY,2532
2020,AFG,CHE,REF,37693
2020,AFG,CHL,ASY,13
2020,AFG,CHL,REF,13
2020,AFG,CHN,ASY,36
2020,AFG,CHN,REF,60
2020,AFG,COL,REF,27
2020,AFG,CUB,REF,84
2020,AFG,CYP,ASY,34
2020,AFG,CYP,REF,16
2020,AFG,CZE,ASY,10
2020,AFG,CZE,REF,39
2020,AFG,DEU,ASY,99309
2020,AFG,DEU,REF,443707
2020,AFG,DNK,ASY,164
2020,AFG,DNK,REF,2134
2020,AFG,DOM,ASY,24
2020,AFG,ECU,ASY,15
2020,AFG,ECU,REF,438
2020,AFG,EGY,ASY,132
2020,AFG,EGY,REF,102
2020,AFG,ESP,ASY,370
2020,AFG,ESP,REF,468
2020,AFG,FIN,ASY,1856
2020,AFG,FIN,REF,3331
2020,AFG,FJI,REF,24
2020,AFG,FRA,ASY,27120
2020,AFG,FRA,REF,31546
2020,AFG,GBR,ASY,6454
2020,AFG,GBR,REF,9351
2020,AFG,GEO,ASY,54
2020,AFG,GEO,REF,33
2020,AFG,GRC,ASY,39412
2020,AFG,GRC,REF,21456
2020,AFG,HKG,REF,30
2020,AFG,HRV,ASY,866
2020,AFG,HRV,OOC,283
2020,AFG,HRV,REF,162
2020,AFG,HUN,ASY,34
2020,AFG,HUN,REF,3006
2020,AFG,IDN,ASY,5217
2020,AFG,IDN,REF,17589
2020,AFG,IND,ASY,20571
2020,AFG,IND,REF,24825
2020,AFG,IRL,ASY,477
2020,AFG,IRL,REF,1260
2020,AFG,IRN,REF,780000
2020,AFG,IRQ,ASY,192
2020,AFG,IRQ,REF,33
2020,AFG,ISL,ASY,10
2020,AFG,ISL,REF,121
2020,AFG,ITA,ASY,1339
2020,AFG,ITA,REF,12096
2020,AFG,JOR,ASY,33
2020,AFG,JOR,REF,24
2020,AFG,JPN,REF,73
2020,AFG,KAZ,ASY,594
2020,AFG,KAZ,REF,1224
2020,AFG,KEN,ASY,24
2020,AFG,KEN,REF,33
2020,AFG,KGZ,ASY,123
2020,AFG,KGZ,REF,657
2020,AFG,KOR,ASY,45
2020,AFG,KOR,REF,84
2020,AFG,KWT,ASY,51
2020,AFG,LBN,ASY,21
2020,AFG,LBN,REF,39
2020,AFG,LBY,ASY,15
2020,AFG,LIE,REF,15
2020,AFG,LKA,ASY,75
2020,AFG,LKA,REF,426
2020,AFG,LTU,ASY,18
2020,AFG,LTU,REF,230
2020,AFG,LUX,ASY,292
2020,AFG,LUX,REF,634
2020,AFG,LVA,ASY,10
2020,AFG,LVA,REF,63
2020,AFG,MAR,ASY,15
2020,AFG,MAR,REF,15
2020,AFG,MDA,REF,72
2020,AFG,MDG,ASY,27
2020,AFG,MDG,REF,30
2020,AFG,MEX,REF,5
2020,AFG,MKD,ASY,18
2020,AFG,MKD,REF,18
2020,AFG,MNE,ASY,18
2020,AFG,MNG,ASY,15
2020,AFG,MYS,ASY,3459
2020,AFG,MYS,REF,4551
2020,AFG,NGA,REF,15
2020,AFG,NLD,ASY,994
2020,AFG,NLD,REF,5319
2020,AFG,NOR,ASY,130
2020,AFG,NOR,REF,4007
2020,AFG,NPL,REF,156
2020,AFG,NRU,REF,87
2020,AFG,NZL,ASY,23
2020,AFG,NZL,REF,57
2020,AFG,PAK,ASY,29004
2020,AFG,PAK,OOC,24
2020,AFG,PAK,REF,4315296
2020,AFG,PAN,ASY,6
2020,AFG,PAN,REF,5
2020,AFG,PER,ASY,5
2020,AFG,PHL,REF,27
2020,AFG,PNG,REF,105
2020,AFG,POL,ASY,104
2020,AFG,POL,REF,92
2020,AFG,PRT,ASY,60
2020,AFG,PRT,REF,21
2020,AFG,ROU,ASY,2968
2020,AFG,ROU,REF,510
2020,AFG,RUS,ASY,174
2020,AFG,RUS,REF,770
2020,AFG,SAU,ASY,61
2020,AFG,SDN,OOC,15
2020,AFG,SRB,ASY,15
2020,AFG,SRB,OOC,2929
2020,AFG,SRB,REF,27
2020,AFG,SVK,REF,298
2020,AFG,SVN,ASY,310
2020,AFG,SVN,REF,56
2020,AFG,SWE,ASY,2716
2020,AFG,SWE,REF,29927
2020,AFG,SYR,ASY,120
2020,AFG,SYR,REF,3321
2020,AFG,THA,ASY,54
2020,AFG,THA,REF,480
2020,AFG,TJK,ASY,408
2020,AFG,TJK,REF,5573
2020,AFG,TKM,REF,42
2020,AFG,TUR,ASY,375312
2020,AFG,TUR,REF,4219
2020,AFG,UKR,ASY,2019
2020,AFG,UKR,REF,1644
2020,AFG,URY,ASY,21
2020,AFG,USA,ASY,796
2020,AFG,USA,REF,1592
2020,AFG,UZB,REF,39
2020,AFG,VEN,REF,30
2020,AFG,ZAF,ASY,60
2020,AFG,ZAF,REF,15
2020,BEN,AFG,ASY,15
2020,IRN,AFG,ASY,78
2020,IRN,AFG,REF,111
2020,PAK,AFG,ASY,408
2020,PAK,AFG,REF,216555
2020,TUR,AFG,REF,168
2021,AFG,AFG,HST,1484130
2021,AFG,AFG,OOC,248226
2021,AFG,ALB,OOC,24
2021,AFG,ALB,REF,15
2021,AFG,ARE,ASY,90
2021,AFG,ARE,REF,15
2021,AFG,ARG,REF,36
2021,AFG,ARM,REF,15
2021,AFG,AUS,ASY,2670
2021,AFG,AUS,OOC,4927
2021,AFG,AUS,REF,9648
2021,AFG,AUT,ASY,11200
2021,AFG,AUT,REF,42685
2021,AFG,AZE,ASY,78
2021,AFG,AZE,REF,3567
2021,AFG,BEL,ASY,14750
2021,AFG,BEL,REF,5859
2021,AFG,BGD,ASY,15
2021,AFG,BGR,ASY,9090
2021,AFG,BGR,REF,300
2021,AFG,BIH,ASY,75
2021,AFG,BIH,OOC,700
2021,AFG,BLR,ASY,42
2021,AFG,BLR,REF,381
2021,AFG,BRA,ASY,167
2021,AFG,BRA,REF,149
2021,AFG,CAN,ASY,1187
2021,AFG,CAN,REF,3421
2021,AFG,CHE,ASY,4500
2021,AFG,CHE,REF,37988
2021,AFG,CHL,ASY,261
2021,AFG,CHL,REF,39
2021,AFG,CHN,ASY,66
2021,AFG,CHN,REF,90
2021,AFG,COL,REF,27
2021,AFG,CUB,REF,51
2021,AFG,CYP,ASY,143
2021,AFG,CYP,REF,17
2021,AFG,CZE,ASY,36
2021,AFG,CZE,REF,314
2021,AFG,DEU,ASY,131892
2021,AFG,DEU,REF,476566
2021,AFG,DNK,ASY,1080
2021,AFG,DNK,REF,1696
2021,AFG,DOM,ASY,8
2021,AFG,ECU,REF,441
2021,AFG,EGY,ASY,147
2021,AFG,EGY,REF,129
2021,AFG,ESP,ASY,1060
2021,AFG,ESP,REF,1188
2021,AFG,EST,ASY,5
2021,AFG,EST,REF,20
2021,AFG,FIN,ASY,1052
2021,AFG,FIN,REF,3652
2021,AFG,FJI,REF,24
2021,AFG,FRA,ASY,9494
2021,AFG,FRA,REF,49990
2021,AFG,GBR,ASY,4943
2021,AFG,GBR,REF,9642
2021,AFG,GEO,ASY,147
2021,AFG,GEO,REF,60
2021,AFG,GRC,ASY,18284
2021,AFG,GRC,REF,28543
2021,AFG,HKG,REF,33
2021,AFG,HRV,ASY,959
2021,AFG,HRV,OOC,538
2021,AFG,HRV,REF,240
2021,AFG,HUN,REF,1467
2021,AFG,IDN,ASY,4830
2021,AFG,IDN,REF,17484
2021,AFG,IND,ASY,19707
2021,AFG,IND,REF,29034
2021,AFG,IRL,ASY,510
2021,AFG,IRL,REF,1647
2021,AFG,IRN,OOC,3676
2021,AFG,IRN,REF,2334162
2021,AFG,IRQ,ASY,288
2021,AFG,IRQ,REF,33
2021,AFG,ISL,ASY,18
2021,AFG,ISL,REF,179
2021,AFG,ITA,ASY,4750
2021,AFG,ITA,REF,15561
2021,AFG,JOR,ASY,30
2021,AFG,JOR,REF,24
2021,AFG,JPN,REF,84
2021,AFG,KAZ,ASY,861
2021,AFG,KAZ,REF,981
2021,AFG,KEN,ASY,15
2021,AFG,KEN,REF,36
2021,AFG,KGZ,ASY,927
2021,AFG,KGZ,REF,639
2021,AFG,KOR,ASY,59
2021,AFG,KOR,REF,46
2021,AFG,KWT,ASY,51
2021,AFG,LBN,ASY,33
2021,AFG,LBN,REF,72
2021,AFG,LBY,ASY,15
2021,AFG,LIE,REF,5
2021,AFG,LKA,ASY,81
2021,AFG,LKA,REF,339
2021,AFG,LTU,ASY,18
2021,AFG,LTU,REF,230
2021,AFG,LUX,ASY,200
2021,AFG,LUX,REF,427
2021,AFG,LVA,ASY,46
2021,AFG,LVA,REF,81
2021,AFG,MAR,ASY,15
2021,AFG,MAR,REF,36
2021,AFG,MDA,REF,36
2021,AFG,MDG,REF,60
2021,AFG,MEX,ASY,18
2021,AFG,MEX,REF,15
2021,AFG,MKD,OOC,15
2021,AFG,MKD,REF,24
2021,AFG,MLT,ASY,5
2021,AFG,MNE,ASY,15
2021,AFG,MNG,ASY,15
2021,AFG,MYS,ASY,3597
2021,AFG,MYS,REF,4812
2021,AFG,NGA,REF,15
2021,AFG,NLD,ASY,1658
2021,AFG,NLD,REF,6660
2021,AFG,NOR,ASY,302
2021,AFG,NOR,REF,3448
2021,AFG,NPL,ASY,36
2021,AFG,NPL,REF,156
2021,AFG,NRU,REF,84
2021,AFG,NZL,ASY,9
2021,AFG,NZL,REF,65
2021,AFG,PAK,ASY,39780
2021,AFG,PAK,OOC,36
2021,AFG,PAK,REF,4363644
2021,AFG,PAN,ASY,6
2021,AFG,PAN,REF,5
2021,AFG,PER,ASY,5
2021,AFG,PHL,ASY,15
2021,AFG,PHL,REF,27
2021,AFG,PNG,REF,90
2021,AFG,POL,ASY,610
2021,AFG,POL,REF,846
2021,AFG,PRT,ASY,594
2021,AFG,PRT,REF,121
2021,AFG,QAT,ASY,7
2021,AFG,ROU,ASY,1468
2021,AFG,ROU,REF,996
2021,AFG,RUS,ASY,193
2021,AFG,RUS,REF,921
2021,AFG,SAU,ASY,231
2021,AFG,SDN,OOC,15
2021,AFG,SRB,ASY,15
2021,AFG,SRB,OOC,1533
2021,AFG,SRB,REF,27
2021,AFG,SVK,ASY,23
2021,AFG,SVK,REF,319
2021,AFG,SVN,ASY,678
2021,AFG,SVN,REF,60
2021,AFG,SWE,ASY,3648
2021,AFG,SWE,REF,27562
2021,AFG,SYR,ASY,90
2021,AFG,SYR,REF,3357
2021,AFG,THA,ASY,15
2021,AFG,THA,REF,504
2021,AFG,TJK,ASY,3046
2021,AFG,TJK,REF,10719
2021,AFG,TKM,REF,30
2021,AFG,TUR,ASY,399186
2021,AFG,TUR,REF,7647
2021,AFG,UKR,ASY,2136
2021,AFG,UKR,REF,1780
2021,AFG,URY,ASY,18
2021,AFG,URY,REF,15
2021,AFG,USA,ASY,1212
2021,AFG,USA,REF,1649
2021,AFG,UZB,REF,13056
2021,AFG,VEN,REF,30
2021,AFG,ZAF,ASY,60
2021,AFG,ZAF,REF,15
2021,BGD,AFG,ASY,15
2021,IRN,AFG,ASY,75
2021,IRN,AFG,REF,114
2021,PAK,AFG,ASY,645
2021,PAK,AFG,REF,200733
2021,TJK,AFG,ASY,18
2022,AFG,AFG,HST,2635353
2022,AFG,AFG,OOC,266709
2022,AFG,ALB,OOC,24
2022,AFG,ALB,REF,42
2022,AFG,ARE,ASY,72
2022,AFG,ARE,REF,30
2022,AFG,ARG,ASY,33
2022,AFG,ARG,REF,33
2022,AFG,ARM,REF,9
2022,AFG,AUS,ASY,3503
2022,AFG,AUS,REF,7843
2022,AFG,AUT,ASY,14838
2022,AFG,AUT,REF,45282
2022,AFG,AZE,ASY,45
2022,AFG,AZE,REF,3483
2022,AFG,BEL,ASY,19400
2022,AFG,BEL,REF,12476
2022,AFG,BGD,REF,15
2022,AFG,BGR,ASY,6500
2022,AFG,BGR,REF,319
2022,AFG,BIH,ASY,15
2022,AFG,BIH,OOC,906
2022,AFG,BIH,REF,15
2022,AFG,BLR,ASY,102
2022,AFG,BLR,REF,354
2022,AFG,BRA,ASY,775
2022,AFG,BRA,REF,267
2022,AFG,CAN,ASY,2031
2022,AFG,CAN,REF,2961
2022,AFG,CHE,ASY,12240
2022,AFG,CHE,REF,40962
2022,AFG,CHL,ASY,681
2022,AFG,CHL,REF,57
2022,AFG,CHN,ASY,108
2022,AFG,CHN,REF,93
2022,AFG,COL,REF,27
2022,AFG,CUB,REF,36
2022,AFG,CYP,ASY,3342
2022,AFG,CYP,REF,43
2022,AFG,CZE,ASY,116
2022,AFG,CZE,REF,251
2022,AFG,DEU,ASY,104601
2022,AFG,DEU,REF,541876
2022,AFG,DNK,ASY,956
2022,AFG,DNK,REF,1625
2022,AFG,DOM,ASY,8
2022,AFG,ECU,REF,441
2022,AFG,EGY,ASY,1002
2022,AFG,EGY,REF,141
2022,AFG,ESP,ASY,2420
2022,AFG,ESP,REF,5480
2022,AFG,EST,REF,33
2022,AFG,FIN,ASY,820
2022,AFG,FIN,REF,3855
2022,AFG,FJI,ASY,24
2022,AFG,FJI,REF,15
2022,AFG,FRA,ASY,11130
2022,AFG,FRA,REF,127012
2022,AFG,GBR,ASY,13056
2022,AFG,GBR,REF,11265
2022,AFG,GEO,ASY,15
2022,AFG,GEO,REF,234
2022,AFG,GHA,ASY,15
2022,AFG,GHA,REF,30
2022,AFG,GRC,ASY,5558
2022,AFG,GRC,REF,35467
2022,AFG,GUY,ASY,15
2022,AFG,HKG,REF,33
2022,AFG,HRV,ASY,612
2022,AFG,HRV,OOC,22
2022,AFG,HRV,REF,198
2022,AFG,HUN,ASY,5
2022,AFG,HUN,REF,1452
2022,AFG,IDN,ASY,3357
2022,AFG,IDN,REF,17616
2022,AFG,IND,ASY,15543
2022,AFG,IND,REF,29574
2022,AFG,IRL,ASY,2238
2022,AFG,IRL,REF,2818
2022,AFG,IRN,REF,10239747
2022,AFG,IRQ,ASY,1905
2022,AFG,IRQ,OOC,15
2022,AFG,IRQ,REF,42
2022,AFG,ISL,ASY,9
2022,AFG,ISL,REF,227
2022,AFG,ITA,ASY,3836
2022,AFG,ITA,REF,18367
2022,AFG,JOR,ASY,24
2022,AFG,JOR,REF,24
2022,AFG,JPN,REF,570
2022,AFG,KAZ,ASY,705
2022,AFG,KAZ,REF,855
2022,AFG,KEN,ASY,120
2022,AFG,KEN,REF,54
2022,AFG,KGZ,ASY,972
2022,AFG,KGZ,REF,567
2022,AFG,KOR,ASY,90
2022,AFG,KOR,REF,50
2022,AFG,KWT,ASY,51
2022,AFG,LBN,ASY,33
2022,AFG,LBN,REF,99
2022,AFG,LBY,ASY,15
2022,AFG,LKA,REF,261
2022,AFG,LTU,ASY,9
2022,AFG,LTU,REF,265
2022,AFG,LUX,ASY,480
2022,AFG,LUX,REF,531
2022,AFG,LVA,ASY,30
2022,AFG,LVA,REF,207
2022,AFG,MAR,ASY,54
2022,AFG,MAR,REF,36
2022,AFG,MDA,ASY,5
2022,AFG,MDA,REF,40
2022,AFG,MDG,REF,48
2022,AFG,MEX,ASY,1614
2022,AFG,MEX,REF,18
2022,AFG,MLT,ASY,10
2022,AFG,MNE,OOC,59
2022,AFG,MNG,REF,15
2022,AFG,MYS,ASY,4596
2022,AFG,MYS,REF,5580
2022,AFG,NGA,REF,15
2022,AFG,NLD,ASY,1966
2022,AFG,NLD,REF,8415
2022,AFG,NOR,ASY,914
2022,AFG,NOR,REF,3041
2022,AFG,NPL,REF,156
2022,AFG,NRU,REF,15
2022,AFG,NZL,ASY,12
2022,AFG,NZL,REF,62
2022,AFG,PAK,ASY,114324
2022,AFG,PAK,OOC,99
2022,AFG,PAK,REF,4943685
2022,AFG,PAN,ASY,6
2022,AFG,PAN,REF,5
2022,AFG,PER,ASY,5
2022,AFG,PHL,REF,30
2022,AFG,PNG,REF,54
2022,AFG,POL,ASY,218
2022,AFG,POL,REF,919
2022,AFG,PRT,ASY,201
2022,AFG,PRT,REF,679
2022,AFG,PRY,ASY,45
2022,AFG,ROU,ASY,105
2022,AFG,ROU,REF,1260
2022,AFG,RUS,ASY,265
2022,AFG,RUS,REF,1324
2022,AFG,SDN,OOC,15
2022,AFG,SRB,OOC,733
2022,AFG,SRB,REF,33
2022,AFG,SVK,ASY,9
2022,AFG,SVK,REF,382
2022,AFG,SVN,ASY,42
2022,AFG,SVN,REF,67
2022,AFG,SWE,ASY,4104
2022,AFG,SWE,REF,26197
2022,AFG,SYR,ASY,201
2022,AFG,SYR,REF,3516
2022,AFG,THA,ASY,54
2022,AFG,THA,REF,384
2022,AFG,TJK,ASY,3243
2022,AFG,TJK,REF,25777
2022,AFG,TKM,REF,27
2022,AFG,TUN,ASY,15
2022,AFG,TUR,ASY,386439
2022,AFG,TUR,REF,10581
2022,AFG,UGA,REF,99
2022,AFG,UKR,ASY,63
2022,AFG,UKR,REF,3117
2022,AFG,URY,REF,18
2022,AFG,USA,ASY,13182
2022,AFG,USA,REF,9209
2022,AFG,UZB,REF,13038
2022,AFG,VEN,REF,30
2022,AFG,ZAF,ASY,39
2022,AFG,ZAF,REF,15
2022,AFG,ZMB,ASY,18
2022,BGD,AFG,ASY,15
2022,IRN,AFG,ASY,63
2022,IRN,AFG,REF,105
2022,PAK,AFG,ASY,558
2022,PAK,AFG,REF,156372
2022,TJK,AFG,ASY,18
2023,AFG,AFG,HST,4752471
2023,AFG,AFG,OOC,101136
2023,AFG,ALB,REF,5
2023,AFG,ARE,ASY,72
2023,AFG,ARE,REF,18
2023,AFG,ARG,ASY,30
2023,AFG,ARG,REF,57
2023,AFG,ARM,REF,9
2023,AFG,AUS,ASY,2677
2023,AFG,AUS,REF,4280
2023,AFG,AUT,ASY,9446
2023,AFG,AUT,REF,124368
2023,AFG,AZE,ASY,24
2023,AFG,AZE,REF,3363
2023,AFG,BEL,ASY,13850
2023,AFG,BEL,REF,17828
2023,AFG,BEN,ASY,36
2023,AFG,BGR,ASY,8358
2023,AFG,BGR,REF,876
2023,AFG,BIH,ASY,27
2023,AFG,BIH,OOC,437
2023,AFG,BIH,REF,27
2023,AFG,BLR,ASY,51
2023,AFG,BLR,REF,420
2023,AFG,BRA,ASY,105
2023,AFG,BRA,REF,13599
2023,AFG,CAN,ASY,2865
2023,AFG,CAN,REF,1897
2023,AFG,CHE,ASY,8529
2023,AFG,CHE,REF,55347
2023,AFG,CHL,ASY,210
2023,AFG,CHL,REF,468
2023,AFG,CHN,ASY,99
2023,AFG,CHN,REF,69
2023,AFG,COL,OOC,63
2023,AFG,COL,REF,7
2023,AFG,CUB,REF,27
2023,AFG,CYP,ASY,1535
2023,AFG,CYP,REF,163
2023,AFG,CZE,ASY,15
2023,AFG,CZE,REF,267
2023,AFG,DEU,ASY,134343
2023,AFG,DEU,REF,764509
2023,AFG,DNK,ASY,298
2023,AFG,DNK,REF,5916
2023,AFG,DOM,ASY,23
2023,AFG,DOM,REF,21
2023,AFG,ECU,REF,450
2023,AFG,EGY,ASY,1314
2023,AFG,EGY,REF,102
2023,AFG,ESP,ASY,2040
2023,AFG,ESP,REF,7462
2023,AFG,EST,ASY,5
2023,AFG,EST,REF,47
2023,AFG,ETH,ASY,15
2023,AFG,FIN,ASY,423
2023,AFG,FIN,REF,4116
2023,AFG,FJI,REF,15
2023,AFG,FRA,ASY,13321
2023,AFG,FRA,REF,158368
2023,AFG,GBR,ASY,11773
2023,AFG,GBR,REF,136128
2023,AFG,GEO,ASY,24
2023,AFG,GEO,REF,234
2023,AFG,GHA,ASY,15
2023,AFG,GHA,REF,66
2023,AFG,GMB,ASY,15
2023,AFG,GRC,ASY,7294
2023,AFG,GRC,REF,126903
2023,AFG,GUY,REF,21
2023,AFG,HKG,REF,36
2023,AFG,HRV,ASY,398
2023,AFG,HRV,OOC,32
2023,AFG,HRV,REF,198
2023,AFG,HUN,REF,2886
2023,AFG,IDN,ASY,2667
2023,AFG,IDN,REF,15270
2023,AFG,IND,ASY,6345
2023,AFG,IND,REF,30327
2023,AFG,IRL,ASY,3819
2023,AFG,IRL,REF,4585
2023,AFG,IRN,REF,11256951
2023,AFG,IRQ,ASY,4998
2023,AFG,IRQ,OOC,24
2023,AFG,IRQ,REF,63
2023,AFG,ISL,ASY,80
2023,AFG,ISL,REF,255
2023,AFG,ITA,ASY,4328
2023,AFG,ITA,REF,16825
2023,AFG,JOR,ASY,24
2023,AFG,JOR,REF,27
2023,AFG,JPN,REF,731
2023,AFG,KAZ,ASY,627
2023,AFG,KAZ,REF,546
2023,AFG,KEN,ASY,300
2023,AFG,KEN,REF,138
2023,AFG,KGZ,ASY,666
2023,AFG,KGZ,REF,528
2023,AFG,KOR,ASY,95
2023,AFG,KOR,REF,65
2023,AFG,KWT,ASY,51
2023,AFG,LBN,ASY,18
2023,AFG,LBN,REF,96
2023,AFG,LBY,ASY,15
2023,AFG,LKA,REF,159
2023,AFG,LTU,ASY,7
2023,AFG,LTU,REF,275
2023,AFG,LUX,ASY,520
2023,AFG,LUX,REF,616
2023,AFG,LVA,ASY,70
2023,AFG,LVA,REF,253
2023,AFG,MAR,ASY,27
2023,AFG,MAR,REF,21
2023,AFG,MDA,REF,16
2023,AFG,MDG,REF,15
2023,AFG,MEX,ASY,6669
2023,AFG,MEX,REF,33
2023,AFG,MKD,ASY,15
2023,AFG,MKD,OOC,9
2023,AFG,MLT,REF,5
2023,AFG,MNG,REF,15
2023,AFG,MYS,ASY,4182
2023,AFG,MYS,REF,4536
2023,AFG,NGA,REF,15
2023,AFG,NLD,ASY,1556
2023,AFG,NLD,REF,26919
2023,AFG,NOR,ASY,564
2023,AFG,NOR,REF,8592
2023,AFG,NPL,REF,102
2023,AFG,NZL,ASY,31
2023,AFG,NZL,REF,69
2023,AFG,OMN,REF,15
2023,AFG,PAK,ASY,184353
2023,AFG,PAK,OOC,147
2023,AFG,PAK,REF,5490225
2023,AFG,PAN,ASY,5
2023,AFG,PAN,REF,7
2023,AFG,PER,ASY,99
2023,AFG,PHL,ASY,18
2023,AFG,PHL,REF,42
2023,AFG,PNG,REF,27
2023,AFG,POL,ASY,309
2023,AFG,POL,REF,1078
2023,AFG,PRT,ASY,436
2023,AFG,PRT,REF,2757
2023,AFG,PRY,REF,45
2023,AFG,ROU,ASY,13
2023,AFG,ROU,REF,1203
2023,AFG,RUS,ASY,325
2023,AFG,RUS,REF,1233
2023,AFG,RWA,REF,42
2023,AFG,SDN,OOC,15
2023,AFG,SEN,ASY,15
2023,AFG,SRB,OOC,235
2023,AFG,SRB,REF,48
2023,AFG,SUR,ASY,5
2023,AFG,SVK,ASY,15
2023,AFG,SVK,REF,406
2023,AFG,SVN,ASY,25
2023,AFG,SVN,REF,71
2023,AFG,SWE,ASY,2382
2023,AFG,SWE,REF,66837
2023,AFG,SYR,ASY,564
2023,AFG,SYR,REF,3573
2023,AFG,THA,ASY,69
2023,AFG,THA,REF,357
2023,AFG,TJK,ASY,4146
2023,AFG,TJK,REF,21261
2023,AFG,TKM,REF,3627
2023,AFG,TUN,REF,15
2023,AFG,TUR,ASY,106241
2023,AFG,TUR,REF,12549
2023,AFG,UGA,ASY,168
2023,AFG,UGA,REF,336
2023,AFG,UKR,ASY,15
2023,AFG,UKR,REF,3051
2023,AFG,URY,REF,18
2023,AFG,USA,ASY,11411
2023,AFG,USA,REF,32348
2023,AFG,UZB,REF,9415
2023,AFG,VEN,REF,30
2023,AFG,ZAF,ASY,27
2023,AFG,ZAF,REF,15
2023,AFG,ZMB,ASY,21
2023,BGD,AFG,ASY,15
2023,IRN,AFG,ASY,108
2023,IRN,AFG,REF,105
2023,PAK,AFG,ASY,609
2023,PAK,AFG,REF,104373
2023,TJK,AFG,ASY,18
2024,AFG,AFG,HST,1800000
2024,AFG,AFG,OOC,218658
2024,AFG,ALB,REF,5
2024,AFG,ARE,ASY,33
2024,AFG,ARE,REF,15
2024,AFG,ARG,REF,84
2024,AFG,ARM,ASY,20
2024,AFG,ARM,REF,29
2024,AFG,AUS,ASY,1450
2024,AFG,AUS,REF,4885
2024,AFG,AUT,ASY,12924
2024,AFG,AUT,REF,134092
2024,AFG,AZE,OOC,54
2024,AFG,AZE,REF,3240
2024,AFG,BEL,ASY,11140
2024,AFG,BEL,REF,20629
2024,AFG,BEN,ASY,36
2024,AFG,BGD,REF,15
2024,AFG,BGR,ASY,1295
2024,AFG,BGR,REF,311
2024,AFG,BIH,ASY,33
2024,AFG,BIH,OOC,127
2024,AFG,BIH,REF,42
2024,AFG,BLR,ASY,18
2024,AFG,BLR,REF,231
2024,AFG,BRA,ASY,97
2024,AFG,BRA,REF,15748
2024,AFG,CAN,ASY,7752
2024,AFG,CAN,REF,10205
2024,AFG,CHE,ASY,4164
2024,AFG,CHE,REF,58477
2024,AFG,CHL,ASY,30
2024,AFG,CHL,REF,654
2024,AFG,CHN,ASY,72
2024,AFG,CHN,REF,81
2024,AFG,COL,REF,7
2024,AFG,CUB,REF,24
2024,AFG,CYP,ASY,1379
2024,AFG,CYP,REF,360
2024,AFG,CZE,REF,454
2024,AFG,DEU,ASY,133893
2024,AFG,DEU,REF,838376
2024,AFG,DNK,ASY,453
2024,AFG,DNK,REF,15512
2024,AFG,DOM,ASY,9
2024,AFG,ECU,ASY,18
2024,AFG,ECU,REF,204
2024,AFG,EGY,ASY,1224
2024,AFG,EGY,REF,135
2024,AFG,ESP,ASY,2865
2024,AFG,ESP,REF,13725
2024,AFG,EST,REF,124
2024,AFG,ETH,ASY,15
2024,AFG,FIN,ASY,777
2024,AFG,FIN,REF,11797
2024,AFG,FRA,ASY,8490
2024,AFG,FRA,REF,186964
2024,AFG,GBR,ASY,10999
2024,AFG,GBR,REF,102972
2024,AFG,GEO,ASY,27
2024,AFG,GEO,REF,228
2024,AFG,GHA,REF,81
2024,AFG,GIN,ASY,33
2024,AFG,GMB,REF,15
2024,AFG,GRC,ASY,12810
2024,AFG,GRC,REF,74910
2024,AFG,GUY,REF,21
2024,AFG,HKG,REF,39
2024,AFG,HRV,ASY,251
2024,AFG,HRV,OOC,10
2024,AFG,HRV,REF,204
2024,AFG,HUN,REF,2874
2024,AFG,IDN,ASY,2544
2024,AFG,IDN,REF,13050
2024,AFG,IND,ASY,3279
2024,AFG,IND,REF,26013
2024,AFG,IRL,ASY,3780
2024,AFG,IRL,REF,6729
2024,AFG,IRN,REF,10431246
2024,AFG,IRQ,ASY,9078
2024,AFG,IRQ,OOC,18
2024,AFG,IRQ,REF,66
2024,AFG,ISL,ASY,24
2024,AFG,ISL,REF,712
2024,AFG,ITA,ASY,7284
2024,AFG,ITA,REF,55353
2024,AFG,JOR,ASY,30
2024,AFG,JOR,REF,30
2024,AFG,JPN,REF,873
2024,AFG,KAZ,ASY,354
2024,AFG,KAZ,REF,606
2024,AFG,KEN,ASY,1116
2024,AFG,KEN,REF,261
2024,AFG,KGZ,ASY,531
2024,AFG,KGZ,REF,549
2024,AFG,KOR,ASY,98
2024,AFG,KOR,REF,79
2024,AFG,KWT,ASY,51
2024,AFG,LBN,ASY,33
2024,AFG,LBN,REF,99
2024,AFG,LBY,ASY,15
2024,AFG,LKA,REF,81
2024,AFG,LTU,ASY,5
2024,AFG,LTU,REF,278
2024,AFG,LUX,ASY,215
2024,AFG,LUX,REF,1511
2024,AFG,LVA,ASY,36
2024,AFG,LVA,REF,801
2024,AFG,MAR,ASY,72
2024,AFG,MAR,REF,39
2024,AFG,MDA,REF,17
2024,AFG,MEX,ASY,6537
2024,AFG,MEX,REF,36
2024,AFG,MKD,OOC,24
2024,AFG,MNG,ASY,15
2024,AFG,MNG,REF,18
2024,AFG,MYS,ASY,4665
2024,AFG,MYS,REF,3579
2024,AFG,NGA,REF,15
2024,AFG,NLD,ASY,2091
2024,AFG,NLD,REF,26004
2024,AFG,NOR,ASY,576
2024,AFG,NOR,REF,12358
2024,AFG,NPL,REF,102
2024,AFG,NZL,ASY,65
2024,AFG,NZL,REF,104
2024,AFG,OMN,REF,15
2024,AFG,PAK,ASY,595830
2024,AFG,PAK,OOC,1596440
2024,AFG,PAK,REF,4618242
2024,AFG,PAN,REF,7
2024,AFG,PER,ASY,117
2024,AFG,PHL,ASY,18
2024,AFG,PHL,REF,150
2024,AFG,PNG,REF,18
2024,AFG,POL,ASY,275
2024,AFG,POL,REF,893
2024,AFG,PRT,ASY,386
2024,AFG,PRT,REF,2738
2024,AFG,PRY,REF,45
2024,AFG,ROU,ASY,5
2024,AFG,ROU,REF,900
2024,AFG,RUS,ASY,179
2024,AFG,RUS,REF,996
2024,AFG,RWA,REF,183
2024,AFG,SDN,OOC,15
2024,AFG,SEN,ASY,15
2024,AFG,SRB,ASY,8
2024,AFG,SRB,OOC,118
2024,AFG,SRB,REF,237
2024,AFG,SSD,REF,15
2024,AFG,SUR,ASY,15
2024,AFG,SVK,ASY,14
2024,AFG,SVK,REF,423
2024,AFG,SVN,ASY,50
2024,AFG,SVN,REF,114
2024,AFG,SWE,ASY,936
2024,AFG,SWE,REF,73869
2024,AFG,SWZ,ASY,15
2024,AFG,SYR,ASY,540
2024,AFG,SYR,REF,3684
2024,AFG,TGO,ASY,21
2024,AFG,THA,ASY,273
2024,AFG,THA,REF,285
2024,AFG,TJK,ASY,9087
2024,AFG,TJK,REF,29706
2024,AFG,TKM,REF,3427
2024,AFG,TUN,REF,15
2024,AFG,TUR,ASY,69484
2024,AFG,TUR,REF,14145
2024,AFG,TZA,ASY,21
2024,AFG,UGA,ASY,243
2024,AFG,UGA,REF,702
2024,AFG,UKR,ASY,15
2024,AFG,UKR,REF,2736
2024,AFG,URY,REF,18
2024,AFG,USA,ASY,10897
2024,AFG,USA,REF,46137
2024,AFG,UZB,REF,8515
2024,AFG,VEN,REF,10
2024,AFG,ZAF,ASY,15
2024,AFG,ZAF,REF,15
2024,AFG,ZMB,ASY,21
2024,AFG,ZMB,REF,51
2024,BGD,AFG,ASY,15
2024,IND,AFG,ASY,15
2024,IRN,AFG,ASY,165
2024,IRN,AFG,REF,117
2024,PAK,AFG,ASY,897
2024,PAK,AFG,REF,62481
2024,TJK,AFG,ASY,18
